title,series,remakes,year,mpaa,runtime,language,director,firstCredit,secondCredit,imdbRating,rtRating,metaRating,action,adventure,animation,biography,comedy,crime,documentary,drama,fantasy,history,horror,music,musical,mystery,romance,scifi,sport,thriller,western
Baby Driver,NA,NA,2017,R,115,English,Edgar Wright,Ansel Elgort,Jon Bernthal,0.76,0.92,0.86,1,0,0,0,0,1,0,0,0,0,0,1,0,1,0,0,0,0,0
Lion,NA,NA,2016,PG-13,129,English,Garth Davis,Dev Patel,Nicole Kidman,0.8,0.84,0.69,0,0,0,1,0,0,0,1,0,0,0,0,0,0,0,0,0,0,0
Despicable Me 3,Despicable Me,NA,2017,PG,95,English,Pierre Coffin,Steve Carell,Kristen Wiig,0.63,0.58,0.49,0,1,1,0,1,0,0,0,0,0,0,0,0,0,0,0,0,0,0
Cars 3,Cars,NA,2017,G,109,English,Brian Fee,Owen Wilson,Cristela Alonzo,0.67,0.7,0.59,0,1,1,0,1,0,0,0,0,0,0,0,0,0,0,0,0,0,0
Men in Black,Men in Black,NA,1997,PG-13,108,English,Barry Sonnenfeld,Tommy Lee Jones,Will Smith,0.73,0.92,0.71,1,1,0,0,1,0,0,0,0,0,0,0,0,0,0,0,0,0,0
Men in Black 2,Men in Black,NA,2002,PG-13,90,English,Barry Sonnenfeld,Tommy Lee Jones,Will Smith,0.62,0.39,0.49,1,1,0,0,1,0,0,0,0,0,0,0,0,0,0,0,0,0,0
Men in Black 3,Men in Black,NA,2012,PG-13,106,English,Barry Sonnenfeld,Will Smith,Tommy Lee Jones,0.68,0.68,0.58,1,1,0,0,1,0,0,0,0,0,0,0,0,0,0,0,0,0,0
The Breakfast Club,NA,NA,1985,R,97,English,John Hughes,Emilio Estevez,Judd Nelson,0.78,0.89,0.66,0,0,0,0,1,0,0,1,0,0,0,0,0,0,0,0,0,0,0
Fight Club,NA,NA,1999,R,151,English,David Fincher,Brad Pitt,Edward Norton,0.88,0.79,0.66,0,0,0,0,0,0,0,1,0,0,0,0,0,0,0,0,0,0,0
The Matrix,The Matrix,NA,1999,R,150,English,The Wachowskis,Keanu Reeves,Laurence Fishburne,0.87,0.88,0.73,1,0,0,0,0,0,0,0,0,0,0,0,0,0,0,1,0,0,0
The Matrix Reloaded,The Matrix,NA,2003,R,138,English,The Wachowskis,Keanu Reeves,Laurence Fishburne,0.72,0.73,0.62,1,0,0,0,0,0,0,0,0,0,0,0,0,0,0,1,0,0,0
The Matrix Revolutions,The Matrix,NA,2003,R,129,English,The Wachowskis,Keanu Reeves,Laurence Fishburne,0.68,0.35,0.47,1,0,0,0,0,0,0,0,0,0,0,0,0,0,0,1,0,0,0
Everybody Loves Somebody,NA,NA,2017,PG-13,102,Spanish,Catalina Aguilar Mastretta,Karla Souza,Jose Maria Yazpik,0.65,0.89,0.74,0,0,0,0,1,0,0,0,0,0,0,0,0,0,1,0,0,0,0
Heat,NA,NA,1995,R,172,English,Michael Mann,Al Pacino,Robert De Niro,0.82,0.87,0.76,0,0,0,0,0,1,0,1,0,0,0,0,0,0,0,0,0,1,0
21,NA,NA,2008,PG-13,123,English,Robert Luketic,Jim Sturgess,Kate Bosworth,0.68,0.35,0.48,0,0,0,1,0,1,0,1,0,0,0,0,0,0,0,0,0,0,0
Concussion,NA,NA,2015,PG-13,123,English,Peter Landesman,Will Smith,Alec Baldwin,0.71,0.59,0.55,0,0,0,1,0,0,0,1,0,0,0,0,0,0,0,0,1,0,0
Mad Max,Mad Max,NA,1979,R,95,English,George Miller,Mel Gibson,Joanne Samuel,0.69,0.9,0.73,1,1,0,0,0,0,0,0,0,0,0,0,0,0,0,1,0,0,0
Rush Hour,Rush Hour,NA,1998,PG-13,98,English,Brett Ratner,Jackie Chan,Chris Tucker,0.7,0.61,0.6,1,0,0,0,1,1,0,0,0,0,0,0,0,0,0,0,0,0,0
Borat: Cultural Learnings of America for Make Benefit Glorious Nation of Kazakhstan,Borat,NA,2006,R,96,English,Larry Charles,Sacha Baron Cohen,Ken Davitian,0.73,0.91,0.89,0,0,0,0,1,0,0,0,0,0,0,0,0,0,0,0,0,0,0
Drive,NA,NA,2011,R,95,English,Nicholas Winding Refn,Ryan Gosling,Carey Mulligan,0.78,0.92,0.78,0,0,0,0,0,1,0,1,0,0,0,0,0,0,0,0,0,0,0
Bad Boys,Bad Boys,NA,1995,R,119,English,Michael Bay,Will Smith,Martin Lawrence,0.69,0.42,0.41,1,0,0,0,1,1,0,0,0,0,0,0,0,0,0,0,0,0,0
Straight Outta Compton,NA,NA,2015,R,167,English,F. Gary Gray,O'Shea Jackson Jr.,Corey Hawkins,0.78,0.89,0.72,0,0,0,1,0,0,0,1,0,1,0,0,0,0,0,0,0,0,0
Ocean's Eleven,Ocean's,Ocean's 11,2001,PG-13,130,English,Steven Soderbergh,George Clooney,Brad Pitt,0.77,0.82,0.74,0,0,0,0,0,1,0,0,0,0,0,0,0,0,0,0,0,1,0
Ocean's Twelve,Ocean's,NA,2004,PG-13,125,English,Steven Soderbergh,George Clooney,Brad Pitt,0.65,0.55,0.58,0,0,0,0,0,1,0,0,0,0,0,0,0,0,0,0,0,1,0
Ocean's Thirteen,Ocean's,NA,2007,PG-13,122,English,Steven Soderbergh,George Clooney,Brad Pitt,0.69,0.7,0.62,1,0,0,0,0,1,0,0,0,0,0,0,0,0,0,0,0,1,0
I Am Sam,NA,NA,2001,PG-13,134,English,Jessie Nelson,Sean Penn,Michelle Pfeiffer,0.77,0.35,0.28,0,0,0,0,0,0,0,1,0,0,0,0,0,0,0,0,0,0,0
Kramer vs. Kramer,NA,NA,1979,PG,105,English,Robert Benton,Dustin Hoffman,Meryl Streep,0.78,0.88,0.77,0,0,0,0,0,0,0,1,0,0,0,0,0,0,0,0,0,0,0
Memento,NA,NA,2000,R,114,English,Christopher Nolan,Guy Pearce,Carrie-Anne Moss,0.84,0.93,0.8,0,0,0,0,0,0,0,0,0,0,0,0,0,1,0,0,0,1,0
The Godfather,The Godfather,NA,1972,R,178,English,Francis Ford Coppola,Marlon Brando,Al Pacino,0.92,0.98,1,0,0,0,0,0,1,0,1,0,0,0,0,0,0,0,0,0,0,0
The Godfather: Part II,The Godfather,NA,1974,R,202,English,Francis Ford Coppola,Al Pacino,Robert De Niro,0.9,0.98,0.9,0,0,0,0,0,1,0,1,0,0,0,0,0,0,0,0,0,0,0
The Godfather Part III,The Godfather,NA,1990,R,170,English,Francis Ford Coppola,Al Pacino,Diane Keaton,0.76,0.68,0.6,0,0,0,0,0,1,0,1,0,0,0,0,0,0,0,0,0,0,0
The Bucket List,NA,NA,2007,PG-13,107,English,Rob Reiner,Jack Nicholson,Morgan Freeman,0.74,0.41,0.42,0,0,0,0,1,0,0,1,0,0,0,0,0,0,0,0,0,0,0
The Founder,NA,NA,2016,PG-13,115,English,John Lee Hancock,Michael Keaton,Nick Offerman,0.72,0.8,0.66,0,0,0,1,0,0,0,1,0,0,0,0,0,0,0,0,0,0,0
Good Will Hunting,NA,NA,1997,R,127,English,Gus Van Sant,Robin Williams,Matt Damon,0.83,0.97,0.7,0,0,0,0,0,0,0,1,0,0,0,0,0,0,1,0,0,0,0
Black Mass,NA,NA,2015,R,123,English,Scott Cooper,Johnny Depp,Benedict Cumberbatch,0.69,0.73,0.68,0,0,0,1,0,1,0,1,0,0,0,0,0,0,0,0,0,0,0
Patriots Day,NA,NA,2016,R,133,English,Peter Berg,Mark Wahlberg,Michelle Monaghan,0.74,0.8,0.69,1,0,0,0,0,1,0,1,0,0,0,0,0,0,0,0,0,0,0
Mission: Impossible - Rogue Nation,Mission: Impossible,NA,2015,PG-13,131,English,Christopher McQuarrie,Tom Cruise,Rebecca Ferguson,0.74,0.93,0.75,1,1,0,0,0,0,0,0,0,0,0,0,0,0,0,0,0,1,0
Deadpool,Deadpool,NA,2016,R,109,English,Tim Miller,Ryan Reynolds,Morenna Baccarin,0.8,0.85,0.65,1,1,0,0,1,0,0,0,0,0,0,0,0,0,0,0,0,0,0
Guardians of the Galaxy,Guardians of the Galaxy,NA,2014,PG-13,125,English,James Gun,Chris Pratt,Vin Diesel,0.8,0.91,0.76,1,1,0,0,1,0,0,0,0,0,0,0,0,0,0,0,0,0,0
Rush Hour 3,Rush Hour,NA,2007,PG-13,91,English,Brett Ratner,Jackie Chan,Chris Tucker,0.62,0.18,0.44,1,0,0,0,1,1,0,0,0,0,0,0,0,0,0,0,0,0,0
Arrival,NA,NA,2016,PG-13,118,English,Denis Villeneuve,Amy Adams,Jeremy Renner,0.79,0.94,0.81,0,0,0,0,0,0,0,1,0,0,0,0,0,1,0,1,0,0,0
Snowden,NA,NA,2016,R,134,English,Oliver Stone,Joseph Gordon-Levitt,Shailene Woodley,0.73,0.61,0.58,0,0,0,1,0,1,0,1,0,0,0,0,0,0,0,0,0,0,0
Moneyball,NA,NA,2011,PG-13,133,English,Bennett Miller,Brad Pitt,Robin Wright,0.76,0.94,0.87,0,0,0,1,0,0,0,1,0,0,0,0,0,0,0,0,1,0,0
22 Jump Street,Jump Street,NA,2014,R,112,English,Phil Lord,Channing Tatum,Jonah Hill,0.7,0.85,0.71,1,0,0,0,1,1,0,0,0,0,0,0,0,0,0,0,0,0,0
8 Mile,NA,NA,2002,R,118,English,Curtis Hanson,Eminem,Brittany Murphy,0.71,0.75,0.77,0,0,0,0,0,0,0,1,0,0,0,1,0,0,0,0,0,0,0
Captain Phillips,NA,NA,2013,PG-13,134,English,Paul Greengrass,Tom Hanks,Barkhad Abdi,0.78,0.93,0.82,0,1,0,1,0,1,0,0,0,0,0,0,0,0,0,0,0,0,0
12 Years A Slave,NA,NA,2013,R,134,English,Steven Rodney McQueen,Chiwetel Ejiofor,Michael Kenneth Williams,0.81,0.95,0.96,0,0,0,1,0,0,0,1,0,1,0,0,0,0,0,0,0,0,0
American Beauty,NA,NA,1999,R,122,English,Sam Mendes,Kevin Spacey,Annette Bening,0.83,0.87,0.84,0,0,0,0,0,0,0,1,0,0,0,0,0,0,0,0,0,0,0
The Hurt Locker,NA,NA,2008,R,131,English,Kathryn Bigelow,Jeremy Renner,Anthony Mackie,0.76,0.97,0.95,0,0,0,0,0,0,0,1,0,0,0,0,0,0,0,0,0,1,0
Pirates of the Caribbean: The Curse of the Black Pearl,Pirates of the Caribbean,NA,2003,PG-13,143,English,Gore Verbinski,Johnny Depp,Geoffrey Rush,0.8,0.79,0.63,1,1,0,0,0,0,0,0,1,0,0,0,0,0,0,0,0,0,0
Pirates of the Caribbean: Dead Man's Chest,Pirates of the Caribbean,NA,2006,PG-13,151,English,Gore Verbinski,Johnny Depp,Orlando Bloom,0.73,0.53,0.53,1,1,0,0,0,0,0,0,1,0,0,0,0,0,0,0,0,0,0
The Shawshank Redemption,NA,NA,1994,R,144,English,Frank Darabont,Tim Robbins,Morgan Freeman,0.93,0.91,0.8,0,0,0,0,0,0,0,1,0,0,0,0,0,0,0,0,0,0,0
The Pursuit of Happyness,NA,NA,2006,PG-13,117,English,Gabriele Muccino,Will Smith,Thandie Newton,0.8,0.67,0.64,0,0,0,1,0,0,0,1,0,0,0,0,0,0,0,0,0,0,0
Now You See Me,Now You See Me,NA,2013,PG-13,125,English,Louis Leterrier,Jesse Eisenberg,Common,0.73,0.51,0.5,0,0,0,0,0,1,0,0,0,0,0,0,0,1,0,0,0,1,0
Whiplash,NA,NA,2014,R,107,English,Damien Chazelle,Miles Teller,J.K. Simmons,0.85,0.94,0.88,0,0,0,0,0,0,0,1,0,0,0,1,0,0,0,0,0,0,0
Moonlight,NA,NA,2016,R,111,English,Barry Jenkins,Mahershala Ali,Naomie Harris,0.74,0.98,0.99,0,0,0,0,0,0,0,1,0,0,0,0,0,0,0,0,0,0,0
Slumdog Millionaire,NA,NA,2008,R,123,English,Danny Boyle,Dev Patel,Freida Pinto,0.8,0.91,0.84,0,0,0,0,0,0,0,1,0,0,0,0,0,0,1,0,0,0,0
Birdman or (The Unexpected Virtue of Ignorance),NA,NA,2014,R,120,English,Alejandro Gonzalez Inarritu,Michael Keaton,Zach Galifianakis,0.77,0.91,0.87,0,0,0,0,1,0,0,1,0,0,0,0,0,0,0,0,0,0,0
Wall Street,NA,NA,1987,R,126,English,Oliver Stone,Chalie Sheen,Michael Douglas,0.74,0.79,0.56,0,0,0,0,0,1,0,1,0,0,0,0,0,0,0,0,0,0,0
Dallas Buyers Club,NA,NA,2013,R,120,English,Jean-Marc Vallee,Matthew McConaughey,Jennifer Garner,0.8,0.93,0.8,0,0,0,1,0,0,0,1,0,0,0,0,0,0,0,0,0,0,0
Die Hard,Die Hard,NA,1988,R,132,English,John McTiernan,Bruce Willis,Alan Rickman,0.82,0.94,0.72,1,0,0,0,0,0,0,0,0,0,0,0,0,0,0,0,0,1,0
Gold,NA,NA,2016,R,121,English,Stephen Gaghan,Matthew McConaughey,Edgar Ramirez,0.67,0.42,0.49,0,0,0,0,0,1,0,1,0,0,0,0,0,0,0,0,0,0,0
Catch Me if You Can,NA,NA,2002,PG-13,141,English,Steven Spielberg,Leonardo DiCaprio,Tom Hanks,0.81,0.96,0.75,0,0,0,1,0,1,0,1,0,0,0,0,0,0,0,0,0,0,0
The Revenant,NA,NA,2015,R,156,English,Alejandro Gonzalez Inarritu,Leonardo DiCaprio,Tom Hardy,0.8,0.78,0.76,1,1,0,0,0,0,0,1,0,0,0,0,0,0,0,0,0,0,0
Inception,NA,NA,2010,PG-13,162,English,Christopher Nolan,Leonardo DiCaprio,Joseph Gordon-Levitt,0.88,0.87,0.74,1,1,0,0,0,0,0,0,0,0,0,0,0,0,0,1,0,0,0
The Grand Budapest Hotel,NA,NA,2014,R,100,English,Wes Anderson,Ralph Fiennes,F. Murray Abraham,0.81,0.91,0.88,0,1,0,0,1,1,0,0,0,0,0,0,0,0,0,0,0,0,0
Hitch,NA,NA,2005,PG-13,118,English,Andy Tennant,Will Smith,Eva Mendes,0.66,0.69,0.58,0,0,0,0,1,0,0,0,0,0,0,0,0,0,1,0,0,0,0
Spectre,James Bond,NA,2015,PG-13,150,English,Sam Mendes,Daniel Craig,Christoph Waltz,0.68,0.63,0.6,1,1,0,0,0,0,0,0,0,0,0,0,0,0,0,0,0,1,0
Skyfall,James Bond,NA,2012,PG-13,144,English,Sam Mendes,Daniel Craig,Javier Bardem,0.77,0.92,0.81,1,1,0,0,0,0,0,0,0,0,0,0,0,0,0,0,0,1,0
Quantum of Solace,James Bond,NA,2008,PG-13,107,English,Marc Forster,Daniel Craig,Olga Kurylenko,0.66,0.65,0.58,1,1,0,0,0,0,0,0,0,0,0,0,0,0,0,0,0,1,0
The Wolf of Wall Street,NA,NA,2013,R,180,English,Martin Scorsese,Leonardo DiCaprio,Jonah Hill,0.82,0.8,0.75,0,0,0,1,0,1,0,1,0,0,0,0,0,0,0,0,0,0,0
Hidden Figures,NA,NA,2016,PG,127,English,Theodore Melfi,Taraji P. Henson,Octavia Spencer,0.78,0.93,0.74,0,0,0,1,0,0,0,1,0,1,0,0,0,0,0,0,0,0,0
Kingsman: The Golden Circle,Kingsman,NA,2017,R,141,English,Matthew Vaughn,Taron Egerton,Colin Firth,0.67,0.51,0.44,1,1,0,0,1,0,0,0,0,0,0,0,0,0,0,0,0,0,0
"Crazy, Stupid, Love",NA,NA,2011,PG-13,140,English,Glenn Ficarra,Steve Carell,Ryan Gosling,0.74,0.79,0.68,0,0,0,0,1,0,0,1,0,0,0,0,0,0,1,0,0,0,0
Kingsman: The Secret Service,Kingsman,NA,2014,R,130,English,Matthew Vaughn,Colin Firth,Taron Egerton,0.77,0.74,0.6,1,1,0,0,1,0,0,0,0,0,0,0,0,0,0,0,0,0,0
Michael Clayton,NA,NA,2007,R,120,English,Tony Gilroy,George Clooney,Tilda Swinton,0.72,0.91,0.82,0,0,0,0,0,1,0,1,0,0,0,0,0,1,0,0,0,0,0
Dunkirk,NA,NA,2017,PG-13,106,English,Christopher Nolan,Fionn Whitehead,Barry Keoghan,0.79,0.92,0.94,0,0,0,0,0,0,0,1,0,1,0,0,0,0,0,0,0,0,0
Charlie and the Chocolate Factory,NA,Willy Wonka and the Chocolate Factory,2005,PG,115,English,Tim Burton,Johnny Depp,Freddie Highmore,0.66,0.83,0.72,0,1,0,0,1,0,0,0,0,0,0,0,0,0,0,0,0,0,0
Star Wars: Episode VIII - The Last Jedi,Star Wars,NA,2017,PG-13,152,English,Rian Johnson,Daisy Ridley,John Boyega,0.7,0.9,0.84,1,1,0,0,0,0,0,0,0,0,0,0,0,0,0,1,0,0,0
The Boss Baby,Boss Baby,NA,2017,PG,107,English,Tom McGrath,Alec Baldwin,Steve Buscemi,0.63,0.53,0.5,0,1,1,0,1,0,0,0,0,0,0,0,0,0,0,0,0,0,0
The Irony of Fate,The Irony of Fate,NA,1975,NA,192,Russian,Eldar Ryazanov,Liya Akhedzhakova,Aleksandr Belyavskiy,0.81,NA,NA,0,0,0,0,1,0,0,0,0,0,0,0,0,0,1,0,0,0,0
Star Wars: Episode I - The Phantom Menace,Star Wars,NA,1999,PG,136,English,George Lucas,Ewan McGregor,Liam Neeson,0.65,0.52,0.51,1,1,0,0,0,0,0,0,0,0,0,0,0,0,0,1,0,0,0
Star Wars: Episode VII - The Force Awakens,Star Wars,NA,2015,PG-13,135,English,J.J. Abrams,Daisy Ridley,John Boyega,0.79,0.92,0.8,1,1,0,0,0,0,0,0,0,0,0,0,0,0,0,1,0,0,0
The Secret Life of Walter Mitty,NA,NA,2013,PG,114,English,Ben Stiller,Ben Stiller,Kristen Wiig,0.73,0.52,0.54,0,0,0,0,1,0,0,1,1,0,0,0,0,0,0,0,0,0,0
La La Land,NA,NA,2016,PG-13,128,English,Damien Chazelle,Ryan Gosling,Emma Stone,0.8,0.91,0.94,0,0,0,0,1,0,0,1,0,0,0,1,0,0,0,0,0,0,0
Hoop Dreams,Hoop Dreams,NA,1994,PG-13,175,English,Steve James,William Gates,Arthur Agee,0.83,0.98,0.98,0,0,0,0,0,0,1,1,0,0,0,0,0,0,0,0,1,0,0
Manchester by the Sea,NA,NA,2016,R,137,English,Kenneth Lonergan,Casey Affleck,Michelle Williams,0.78,0.96,0.96,0,0,0,0,0,0,0,1,0,0,0,0,0,0,0,0,0,0,0
Lagaan,NA,NA,2001,PG,225,Hindi,Ashutosh Gowariker,Aamir Khan,Raghuvir Yadav,0.81,0.95,0.84,0,1,0,0,0,0,0,1,0,0,0,0,1,0,0,0,0,0,0
The Hitman's Bodyguard,NA,NA,2017,R,118,English,Patrick Hughes,Ryan Reynolds,Samuel L. Jackson,0.69,0.43,0.47,1,0,0,0,1,1,0,0,0,0,0,0,0,0,0,0,0,0,0
The Social Network,NA,NA,2010,PG-13,121,English,David Fincher,Jesse Eisenberg,Andrew Garfield,0.77,0.96,0.95,0,0,0,1,0,0,0,1,0,0,0,0,0,0,0,0,0,0,0
AlphaGo,NA,NA,2017,NA,90,English,Greg Kohs,Ioannis Antonoglou,Lucas Baker,0.79,1,NA,0,0,0,0,0,0,1,0,0,0,0,0,0,0,0,0,1,0,0
"Three Billboards Outside Ebbing, Missouri",NA,NA,2017,R,116,English,Martin McDonagh,Frances McDormand,Woody Harrelson,0.82,0.9,0.88,0,0,0,0,1,1,0,1,0,0,0,0,0,0,0,0,0,0,0
In the Heat of the Night,In the Heat of the Night,NA,1967,NA,110,English,Norman Jewison,Sidney Poitier,Rod Steiger,0.79,0.95,0.75,0,0,0,0,0,1,0,1,0,0,0,0,0,1,0,0,0,0,0
Furious 7,Fast and Furious,NA,2015,PG-13,137,English,James Wan,Vin Diesel,Paul Walker,0.71,0.82,0.67,1,0,0,0,0,1,0,0,0,0,0,0,0,0,0,0,0,1,0
2 Guns,NA,NA,2013,R,109,English,Baltasar Kormakur,Denzel Washington,Mark Wahlberg,0.67,0.64,0.55,1,0,0,0,1,1,0,0,0,0,0,0,0,0,0,0,0,0,0
The Theory of Everything,NA,NA,2014,PG-13,124,English,James Marsh,Eddie Redmayne,Felicity Jones,0.77,0.8,0.72,0,0,0,1,0,0,0,1,0,0,0,0,0,0,1,0,0,0,0
Ted 2,Ted,NA,2015,R,125,English,Seth MacFarlane,Mark Wahlberg,Seth MacFarlane,0.63,0.45,0.48,0,0,0,0,1,0,0,0,0,0,0,0,0,0,0,0,0,0,0
Everest,NA,NA,2015,PG-13,121,English,Baltasar Kormakur,Jason Clarke,Ang Phula Sherpa,0.71,0.73,0.64,1,1,0,1,0,0,0,0,0,0,0,0,0,0,0,0,0,0,0
Steve Jobs,NA,NA,2015,R,122,English,Danny Boyle,Michael Fassbender,Kate Winslet,0.72,0.85,0.82,0,0,0,1,0,0,0,1,0,0,0,0,0,0,0,0,0,0,0
Stranger than Fiction,NA,NA,2006,PG-13,113,English,Marc Forster,Will Ferrell,Emma Thompson,0.75,0.73,0.67,0,0,0,0,1,0,0,1,1,0,0,0,0,0,0,0,0,0,0
Step Brothers,NA,NA,2008,R,106,English,Adam McKay,Will Ferrell,John C. Reilly,0.69,0.55,0.51,0,0,0,0,1,0,0,0,0,0,0,0,0,0,0,0,0,0,0
Icarus,NA,NA,2017,NA,121,English,Bryan Fogel,Bryan Fogel,Dave Zabriskie,0.79,0.94,0.68,0,0,0,0,0,0,1,0,0,0,0,0,0,0,0,0,1,0,0
The Fifth Estate,NA,NA,2013,R,128,English,Bill Condon,Benedict Cumberbatch,Daniel Bruhl,0.62,0.36,0.49,0,0,0,1,0,1,0,1,0,0,0,0,0,0,0,0,0,0,0
Hell or High Water,NA,NA,2016,R,102,English,David Mackenzie,Chris Pine,Ben Foster,0.76,0.97,0.88,1,0,0,0,0,1,0,0,0,0,0,0,0,0,0,0,0,0,1
Pulp Fiction,NA,NA,1994,R,178,English,Quentin Tarantino,John Travolta,Uma Thurman,0.89,0.92,0.94,0,0,0,0,0,1,0,1,0,0,0,0,0,0,0,0,0,0,0
Half Nelson,NA,NA,2006,R,106,English,Ryan Fleck,Ryan Gosling,Anthony Mackie,0.72,0.9,0.85,0,0,0,0,0,0,0,1,0,0,0,0,0,0,0,0,0,0,0
Avatar,NA,NA,2009,PG-13,162,English,James Cameron,Sam Worthington,Zoe Saldana,0.78,0.82,0.83,1,1,0,0,0,0,0,0,1,0,0,0,0,0,0,0,0,0,0
"Roman J. Israel, Esq.",NA,NA,2017,PG-13,129,English,Dan Gilroy,Denzel Washington,Colin Farrell,0.65,0.54,0.58,0,0,0,0,0,1,0,1,0,0,0,0,0,0,0,0,0,1,0
"I, Tonya",NA,NA,2017,R,121,English,Craig Gillespie,Margot Robbie,Sebastian Stan,0.75,0.89,0.77,0,0,0,1,0,0,0,1,0,0,0,0,0,0,0,0,1,0,0
Coco,NA,NA,2017,PG,109,English,Adrian Molina,Anthony Gonzalez,Gael Garcia Bernal,0.84,0.97,0.81,0,1,1,0,0,0,0,0,0,0,0,0,0,0,0,0,0,0,0
The Departed,NA,Infernal Affairs,2006,R,151,English,Martin Scorsese,Leonardo DiCaprio,Matt Damon,0.85,0.91,0.85,0,0,0,0,0,1,0,1,0,0,0,0,0,0,0,0,0,1,0
Inside Man,Inside Man,NA,2006,R,129,English,Spike Lee,Denzel Washington,Clive Owen,0.76,0.86,0.76,0,0,0,0,0,1,0,1,0,0,0,0,0,1,0,0,0,0,0
Incredibles 2,The Incredibles,NA,2018,PG,125,English,Brad Bird,Craig T. Nelson,Holly Hunter,0.76,0.93,0.8,1,1,1,0,0,0,0,0,0,0,0,0,0,0,0,0,0,0,0
Up in the Air,NA,NA,2009,R,109,English,Jason Reitman,George Clooney,Vera Farmiga,0.74,0.91,0.83,0,0,0,0,1,0,0,1,0,0,0,0,0,0,1,0,0,0,0
Jim & Andy: The Great Beyond,NA,NA,2017,NA,94,English,Chris Smith,Jim Carrey,Danny DeVito,0.77,0.94,0.77,0,0,0,1,0,0,1,0,0,0,0,0,0,0,0,0,0,0,0
Masterminds,NA,NA,2016,PG-13,96,English,Jared Hess,Zach Galifianakis,Kristen Wiig,0.58,0.34,0.47,0,0,0,1,1,1,0,0,0,0,0,0,0,0,0,0,0,0,0
Eternal Sunshine for the Spotless Mind,NA,NA,2004,R,108,English,Michel Gondry,Jim Carrey,Kate Winslet,0.83,0.93,0.89,0,0,0,0,0,0,0,1,0,0,0,0,0,0,1,1,0,0,0
Ex Machina,NA,NA,2014,R,108,English,Alex Garland,Alicia Vikander,Domhnall Gleeson,0.77,0.92,0.78,0,0,0,0,0,0,0,1,0,0,0,0,0,0,0,1,0,1,0
Trading Places,NA,NA,1983,R,118,English,John Landis,Eddie Murphy,Dan Aykroyd,0.75,0.87,0.69,0,0,0,0,1,0,0,0,0,0,0,0,0,0,0,0,0,0,0
Room,NA,NA,2015,R,118,English,Lenny Abrahamson,Brie Larson,Jacob Tremblay,0.81,0.93,0.86,0,0,0,0,0,0,0,1,0,0,0,0,0,0,0,0,0,1,0
R.I.P.D,NA,NA,2013,PG-13,96,English,Robert Schwentke,Ryan Reynolds,Jeff Bridges,0.56,0.13,0.25,1,1,0,0,1,0,0,0,0,0,0,0,0,0,0,0,0,0,0
Identity Theft,NA,NA,2013,R,112,English,Seth Gordon,Jason Bateman,Melissa McCarthy,0.57,0.19,0.35,0,0,0,0,1,1,0,1,0,0,0,0,0,0,0,0,0,0,0
Sully,NA,NA,2016,PG-13,96,English,Clint Eastwood,Tom Hanks,Aaron Eckhart,0.74,0.85,0.74,0,0,0,1,0,0,0,1,0,0,0,0,0,0,0,0,0,0,0
RBG,NA,NA,2018,PG,99,English,Julie Cohen,Ruth Bader Ginsburg,Ann Kittner,0.76,0.94,0.71,0,0,0,1,0,0,1,0,0,0,0,0,0,0,0,0,0,0,0
Call Me By Your Name,NA,NA,2017,R,132,English,Luca Guadagnino,Armie Hammer,Timothee Chalamet,0.79,0.94,0.93,0,0,0,0,0,0,0,1,0,0,0,0,0,0,1,0,0,0,0
Central Intelligence,NA,NA,2016,PG-13,116,English,Rawson Marshall Thurber,Dwayne Johnson,Kevin Hart,0.63,0.71,0.52,1,0,0,0,1,1,0,0,0,0,0,0,0,0,0,0,0,0,0
Black Panther,NA,NA,2018,PG-13,135,English,Ryan Coogler,Chadwick Boseman,Michael B. Jordan,0.73,0.96,0.88,1,1,0,0,0,0,0,0,0,0,0,0,0,0,0,1,0,0,0
Ocean's 8,Ocean's,NA,2018,PG-13,111,English,Gary Ross,Sandra Bullock,Cate Blanchett,0.68,0.69,0.61,1,0,0,0,1,1,0,0,0,0,0,0,0,0,0,0,0,0,0
Table 19,NA,NA,2017,PG-13,87,English,Jeffrey Blitz,Anna Kendrick,Lisa Kudrow,0.58,0.26,0.4,0,0,0,0,1,0,0,1,0,0,0,0,0,0,1,0,0,0,0
Love Actually,NA,NA,2003,R,145,English,Richard Curtis,Hugh Grant,Martine McCutcheon,0.76,0.64,0.55,0,0,0,0,1,0,0,1,0,0,0,0,0,0,1,0,0,0,0
Finding Forrester,NA,NA,2000,PG-13,136,English,Gus Van Sant,Sean Connery,Rob Brown,0.73,0.74,0.62,0,0,0,0,0,0,0,1,0,0,0,0,0,0,0,0,0,0,0
10 Things I Hate About You,NA,NA,1999,PG-13,99,English,Gil Junger,Heath Ledger,Julia Stiles,0.73,0.88,0.7,0,0,0,0,1,0,0,1,0,0,0,0,0,0,1,0,0,0,0
Harry Potter and the Order of the Phoenix,Harry Potter,NA,2007,PG-13,142,English,David Yates,Daniel Radcliffe,Emma Watson,0.75,0.78,0.71,1,1,0,0,0,0,0,0,1,0,0,0,0,0,0,0,0,0,0
Harry Potter and the Half-Blood Prince,Harry Potter,NA,2009,PG,154,English,David Yates,Daniel Radcliffe,Emma Watson,0.76,0.84,0.78,1,1,0,0,0,0,0,0,1,0,0,0,0,0,0,0,0,0,0
Harry Potter and the Deathly Hallows: Part 1,Harry Potter,NA,2010,PG-13,146,English,David Yates,Daniel Radcliffe,Emma Watson,0.77,0.77,0.65,1,1,0,0,0,0,0,0,1,0,0,0,0,0,0,0,0,0,0
Harry Potter and the Deathly Hallows: Part 2,Harry Potter,NA,2011,PG-13,130,English,David Yates,Daniel Radcliffe,Emma Watson,0.81,0.96,0.85,1,1,0,0,0,0,0,0,1,0,0,0,0,0,0,0,0,0,0
The Bourne Identity,Bourne,NA,2002,PG-13,119,English,Doug Liman,Matt Damon,Franka Potente,0.79,0.83,0.68,1,0,0,0,0,0,0,0,0,0,0,0,0,1,0,0,0,1,0
The Bourne Supremacy,Bourne,NA,2004,PG-13,110,English,Paul Greengrass,Matt Damon,Franka Potente,0.77,0.82,0.73,1,0,0,0,0,0,0,0,0,0,0,0,0,1,0,0,0,1,0
High Flying Bird,NA,NA,2019,NA,91,English,Steven Soderbergh,Andre Holland,Melvin Gregg,0.62,0.92,0.78,0,0,0,0,0,0,0,1,0,0,0,0,0,0,0,0,1,0,0
Mr. Right,NA,NA,2015,R,95,English,Paco Cabezas,Anna Kendrick,Sam Rockwell,0.63,0.45,0.52,1,0,0,0,1,0,0,0,0,0,0,0,0,0,1,0,0,0,0
Solo: A Star Wars Story,Star Wars,NA,2018,PG-13,145,English,Ron Howard,Alden Ehrenreich,Woody Harrelson,0.69,0.7,0.62,1,1,0,0,0,0,0,0,0,0,0,0,0,0,0,1,0,0,0
Free Solo,NA,NA,2018,PG-13,100,English,Jimmy Chin,Alex Honnold,Tommy Caldwell,0.82,0.97,0.83,0,0,0,1,0,0,1,0,0,0,0,0,0,0,0,0,1,0,0
The Dawn Wall,NA,NA,2017,NA,101,English,Josh Lowell,John Branch,Tommy Caldwell,0.81,1,0.81,0,0,0,1,0,0,1,0,0,0,0,0,0,0,0,0,1,0,0
Hot Fuzz,Three Flavours Cornetto,NA,2007,R,121,English,Edgar Wright,Simon Pegg,Nick Frost,0.78,0.91,0.81,1,0,0,0,1,0,0,0,0,0,0,0,0,1,0,0,0,0,0
Bruce Almighty,Bruce Almighty,NA,2003,PG-13,101,English,Tom Shadyac,Jim Carrey,Jennifer Aniston,0.68,0.48,0.46,0,0,0,0,1,0,0,0,1,0,0,0,0,0,0,0,0,0,0
Mean Girls,Mean Girls,NA,2004,PG-13,97,English,Mark Waters,Lindsay Lohan,Jonathan Bennet,0.7,0.84,0.66,0,0,0,0,1,0,0,0,0,0,0,0,0,0,0,0,0,0,0
American Factory,NA,NA,2019,PG-13,110,English,Steven Bognar,Junming Jimmy Wang,Robert Allen,0.74,0.96,0.86,0,0,0,0,0,0,1,0,0,0,0,0,0,0,0,0,0,0,0
The Highwaymen,NA,NA,2019,R,132,English,John Lee Hancock,Kevin Costner,Woody Harrelson,0.69,0.57,0.58,0,0,0,1,0,1,0,1,0,0,0,0,0,0,0,0,0,0,0
The Hangover,The Hangover,NA,2009,R,108,English,Todd Phillips,Zach Galifianakis,Bradley Cooper,0.77,0.78,0.73,0,0,0,0,1,0,0,0,0,0,0,0,0,0,0,0,0,0,0
The Hangover Part II,The Hangover,NA,2011,R,102,English,Todd Phillips,Bradley Cooper,Zach Galifianakis,0.64,0.33,0.44,0,0,0,0,1,0,0,0,0,0,0,0,0,0,0,0,0,0,0
"Love, Rosie",NA,NA,2014,R,102,English,Christian Ditter,Lily Collins,Sam Claflin,0.72,0.32,0.44,0,0,0,0,1,0,0,0,0,0,0,0,0,0,1,0,0,0,0
Fiddler on the Roof,NA,NA,1971,G,201,English,Norman Jewison,Topol,Norma Crane,0.8,0.83,0.67,0,0,0,0,0,0,0,1,0,0,0,0,1,0,0,0,0,0,0
Crazy Rich Asians,NA,NA,2018,PG-13,121,English,Jon M. Chu,Constance Wu,Henry Golding,0.69,0.91,0.74,0,0,0,0,1,0,0,1,0,0,0,0,0,0,1,0,0,0,0
John Wick,John Wick,NA,2014,R,102,English,Chad Stahelski,Keanu Reeves,Michael Nyqvist,0.74,0.87,0.68,1,0,0,0,0,1,0,0,0,0,0,0,0,0,0,0,0,1,0
The Imitation Game,NA,NA,2014,PG-13,114,English,Morten Tyldum,Benedict Cumberbatch,Keira Knightley,0.8,0.89,0.73,0,0,0,1,0,0,0,1,0,0,0,0,0,0,0,0,0,1,0
John Wick: Chapter 2,John Wick,NA,2017,R,122,English,Chad Stahelski,Keanu Reeves,Riccardo Scamarcio,0.75,0.89,0.75,1,0,0,0,0,1,0,0,0,0,0,0,0,0,0,0,0,1,0
Aladdin,NA,Aladdin,2019,PG,128,English,Guy Ritchie,Will Smith,Mena Massoud,0.7,0.57,0.53,0,1,0,0,0,0,0,0,1,0,0,0,0,0,0,0,0,0,0
Big Hero 6,NA,NA,2014,PG,108,English,Don Hall,Ryan Potter,Scott Adsit,0.78,0.89,0.74,1,1,1,0,0,0,0,0,0,0,0,0,0,0,0,0,0,0,0
Shaft,Shaft,NA,2000,R,99,English,John Singleton,Samuel L. Jackson,Vanessa Williams,0.59,0.67,0.5,1,0,0,0,1,1,0,0,0,0,0,0,0,0,0,0,0,0,0
LEGO Movie 2: The Second Part,LEGO,NA,2019,PG,107,English,Mike Mitchell,Chris Pratt,Elizabeth Banks,0.66,0.85,0.65,1,1,1,0,0,0,0,0,0,0,0,0,0,0,0,0,0,0,0
The Hateful Eight,NA,NA,2015,R,187,English,Quentin Tarantino,Samuel L. Jackson,Kurt Russell,0.78,0.75,0.68,0,0,0,0,0,1,0,1,0,0,0,0,0,1,0,0,0,0,0
Kill Bill: Volume 1,Kill Bill,NA,2003,R,112,English,Quentin Tarantino,Uma Thurman,David Carradine,0.81,0.85,0.69,1,0,0,0,0,1,0,0,0,0,0,0,0,0,0,0,0,1,0
Tag,NA,NA,2018,R,105,English,Jeff Tomsic,Jeremy Renner,Ed Helms,0.65,0.56,0.56,1,0,0,0,1,0,0,0,0,0,0,0,0,0,0,0,0,0,0
Pitch Perfect,Pitch Perfect,NA,2012,PG-13,112,English,Jason Moore,Anna Kendrick,Brittany Snow,0.72,0.8,0.66,0,0,0,0,1,0,0,0,0,0,0,1,0,0,1,0,0,0,0
El Camino: A Breaking Bad Movie,NA,NA,2019,R,122,English,Vince Gilligan,Aaron Paul,Jonathan Banks,0.73,0.91,0.72,1,0,0,0,0,1,0,1,0,0,0,0,0,0,0,0,0,0,0
Forrest Gump,NA,NA,1994,PG-13,142,English,Robert Zemeckis,Tom Hanks,Robin Wright,0.88,0.71,0.82,0,0,0,0,0,0,0,1,0,0,0,0,0,0,1,0,0,0,0
My Big Fat Greek Wedding,My Big Fat Greek Wedding,NA,2002,PG,96,English,Joel Zwick,Nia Vardalos,John Corbett,0.65,0.76,0.62,0,0,0,0,1,0,0,1,0,0,0,0,0,0,1,0,0,0,0
The Hustle,NA,Bedtime Story,2019,PG-13,94,English,Chris Addison,Anne Hathaway,Rebel Wilson,0.54,0.13,0.35,0,0,0,0,1,1,0,0,0,0,0,0,0,0,0,0,0,0,0
The Big Short,NA,NA,2015,R,130,English,Adam McKay,Christian Bale,Steve Carell,0.78,0.88,0.81,0,0,0,1,1,0,0,1,0,0,0,0,0,0,0,0,0,0,0
Creed,Rocky,NA,2015,PG-13,133,English,Ryan Coogler,Michael B. Jordan,Sylvester Stallone,0.76,0.95,0.82,0,0,0,0,0,0,0,1,0,0,0,0,0,0,0,0,1,0,0
The Irishman,NA,NA,2019,R,210,English,Martin Scorsese,Robert De Niro,Al Pacino,0.79,0.96,0.94,0,0,0,1,0,1,0,1,0,0,0,0,0,0,0,0,0,0,0
The Two Popes,NA,NA,2019,PG-13,126,English,Fernando Meirelles,Jonathan Pryce,Anthony Hopkins,0.76,0.89,0.75,0,0,0,1,1,0,0,1,0,0,0,0,0,0,0,0,0,0,0
American Made,NA,NA,2017,R,115,English,Doug Liman,Tom Cruise,Domhnall Gleeson,0.72,0.86,0.65,1,0,0,1,1,0,0,0,0,0,0,0,0,0,0,0,0,0,0
John Wick: Chapter 3 - Parabellum,John Wick,NA,2019,R,130,English,Chad Stahelski,Keanu Reeves,Halle Berry,0.74,0.9,0.73,1,0,0,0,0,1,0,0,0,0,0,0,0,0,0,0,0,1,0
Star Wars: Episode IV - A New Hope,Star Wars,NA,1977,PG,125,English,George Lucas,Mark Hamill,Harrison Ford,0.86,0.92,0.9,1,1,0,0,0,0,0,0,0,0,0,0,0,0,0,1,0,0,0
Star Wars: Episode V - The Empire Strikes Back,Star Wars,NA,1980,PG,127,English,Irvin Kershner,Mark Hamill,Harrison Ford,0.87,0.94,0.82,1,1,0,0,0,0,0,0,0,0,0,0,0,0,0,1,0,0,0
Marriage Story,NA,NA,2019,R,137,English,Noah Baumbach,Adam Driver,Scarlett Johansson,0.8,0.94,0.94,0,0,0,0,1,0,0,1,0,0,0,0,0,0,1,0,0,0,0
Uncut Gems,NA,NA,2019,R,135,English,Safdie Brothers,Adam Sandler,Julia Fox,0.74,0.92,0.91,0,0,0,0,0,1,0,1,0,0,0,0,0,0,0,0,0,1,0
Willy Wonka and the Chocolate Factory,NA,Willy Wonka and the Chocolate Factory,1971,G,89,English,Mel Stuart,Gene Wilder,Jack Albertson,0.78,0.9,0.67,0,0,0,0,0,0,0,0,1,0,0,0,1,0,0,0,0,0,0
Ford v Ferrari,NA,NA,2019,PG-13,152,English,James Mangold,Matt Damon,Christian Bale,0.81,0.92,0.81,0,0,0,1,0,0,0,1,0,0,0,0,0,0,0,0,1,0,0
Mission: Impossible - Fallout,Mission: Impossible,NA,2018,PG-13,148,English,Christopher McQuarrie,Tom Cruise,Henry Cavill,0.77,0.97,0.86,1,1,0,0,0,0,0,0,0,0,0,0,0,0,0,0,0,1,0
A Star is Born,NA,A Star is Born,2018,R,134,English,Bradley Cooper,Lady Gaga,Bradley Cooper,0.77,0.9,0.88,0,0,0,0,0,0,0,1,0,0,0,1,0,0,1,0,0,0,0
Salt,NA,NA,2010,PG-13,104,English,Phillip Noyce,Angelina Jolie,Liev Schreiber,0.64,0.62,0.65,1,0,0,0,0,0,0,0,0,0,0,0,0,0,0,0,0,1,0
Fast & Furious Presents: Hobbs & Shaw,Fast and Furious,NA,2019,PG-13,136,English,David Leitch,Dwayne Johnson,Jason Statham,0.64,0.67,0.6,1,1,0,0,0,0,0,0,0,0,0,0,0,0,0,0,0,1,0
Once Upon a Time... In Hollywood,NA,NA,2019,R,160,English,Quentin Tarantino,Leonardo DiCaprio,Brad Pitt,0.76,0.85,0.83,0,0,0,0,1,0,0,1,0,0,0,0,0,0,0,0,0,0,0
1917,NA,NA,2019,R,119,English,Sam Mendes,Dean-Charles Chapman,George MacKay,0.83,0.89,0.78,0,0,0,0,0,0,0,1,0,0,0,0,0,0,0,0,0,0,0
Paddington,Paddington,NA,2014,PG,95,English,Paul King,Ben Whishaw,Hugh Grant,0.72,0.98,0.77,0,1,0,0,1,0,0,0,0,0,0,0,0,0,0,0,0,0,0
The Report,NA,NA,2019,R,119,English,Scott Z. Burns,Adam Driver,Annette Bening,0.72,0.82,0.66,0,0,0,1,0,1,0,1,0,0,0,0,0,0,0,0,0,0,0
Chicago,NA,NA,2002,PG-13,113,English,Rob Marshall,Renee Zellweger,Catherine Zeta-Jones,0.71,0.86,0.81,0,0,0,0,1,1,0,0,0,0,0,0,1,0,0,0,0,0,0
Frozen II,Frozen,NA,2019,PG,103,English,Chris Buck,Kristen Bell,Idina Menzel,0.69,0.77,0.64,0,1,1,0,0,0,0,0,0,0,0,0,1,0,0,0,0,0,0
The Game Plan,NA,NA,2007,PG,112,English,Andy Fickman,Dwayne Johnson,Kyra Sedgwick,0.61,0.28,0.44,0,0,0,0,1,0,0,0,0,0,0,0,0,0,0,0,1,0,0
GoldenEye,James Bond,NA,1995,PG-13,130,English,Martin Campbell,Pierce Brosnan,Sean Bean,0.72,0.78,0.65,1,1,0,0,0,0,0,0,0,0,0,0,0,0,0,0,0,1,0
Tomorrow Never Dies,James Bond,NA,1997,PG-13,119,English,Roger Spottiswoode,Pierce Brosnan,Jonathan Pryce,0.65,0.57,0.52,1,1,0,0,0,0,0,0,0,0,0,0,0,0,0,0,0,1,0
The World Is Not Enough,James Bond,NA,1999,PG-13,128,English,Michael Apted,Pierce Brosnan,Sophie Marceau,0.64,0.52,0.57,1,1,0,0,0,0,0,0,0,0,0,0,0,0,0,0,0,1,0
Zootopia,NA,NA,2016,PG,110,English,Byron Howard,Ginnifer Goodwin,Jason Bateman,0.8,0.98,0.78,0,1,1,0,1,0,0,0,0,0,0,0,0,0,0,0,0,0,0
Star Wars: Episode II - Attack of the Clones,Star Wars,NA,2002,PG,142,English,George Lucas,Hayden Christensen,Natalie Portman,0.65,0.65,0.54,1,1,0,0,0,0,0,0,0,0,0,0,0,0,0,1,0,0,0
Cars,Cars,NA,2006,G,117,English,John Lasseter,Owen Wilson,Bonnie Hunt,0.71,0.75,0.73,0,1,1,0,1,0,0,0,0,0,0,0,0,0,0,0,0,0,0
Cars 2,Cars,NA,2011,G,120,English,John Lasseter,Owen Wilson,Larry the Cable Guy,0.61,0.39,0.57,0,1,1,0,1,0,0,0,0,0,0,0,0,0,0,0,0,0,0
The Art of Racing in the Rain,NA,NA,2019,PG,123,English,Simon Curtis,Kevin Costner,Milo Ventimiglia,0.76,0.43,0.43,0,0,0,0,1,0,0,1,0,0,0,0,0,0,1,0,0,0,0
Joker,NA,NA,2019,R,122,English,Todd Phillips,Joaquin Phoenix,Robert De Niro,0.85,0.68,0.59,0,0,0,0,0,1,0,1,0,0,0,0,0,0,0,0,0,1,0
Stuber,NA,NA,2019,R,93,English,Michael Dowse,Dave Bautista,Kumail Nanjiani,0.62,0.41,0.42,1,0,0,0,1,1,0,0,0,0,0,0,0,0,0,0,0,0,0
Bohemian Raphsody,NA,NA,2018,PG-13,133,English,Bryan Singer,Rami Malek,Lucy Boynton,0.8,0.6,0.49,0,0,0,1,0,0,0,1,0,0,0,1,0,0,0,0,0,0,0
Uncle Drew,NA,NA,2018,PG-13,104,English,Charles Stone III,Kyrie Irving,Lil Rel Howery,0.57,0.61,0.57,0,0,0,0,1,0,0,0,0,0,0,0,0,0,0,0,1,0,0
The Upside,NA,The Intouchables,2017,PG-13,125,English,Neil Burger,Kevin Hart,Bryan Cranston,0.69,0.42,0.46,0,0,0,0,1,0,0,1,0,0,0,0,0,0,0,0,0,0,0
Paddington 2,Paddington,NA,2017,PG,104,English,Paul King,Ben Whishaw,Hugh Grant,0.78,1,0.88,0,1,0,0,1,0,0,0,0,0,0,0,0,0,0,0,0,0,0
Hustlers,NA,NA,2019,R,104,English,Lorene Scafaria,Constance Wu,Jennifer Lopez,0.63,0.87,0.79,0,0,0,1,0,1,0,1,0,0,0,0,0,0,0,0,0,0,0
Ratatouille,NA,NA,2007,G,111,English,Brad Bird,Brad Garrett,Lou Romano,0.8,0.96,0.96,0,1,1,0,1,0,0,0,0,0,0,0,0,0,0,0,0,0,0
Star Wars: Episode III - Revenge of the Sith,Star Wars,NA,2005,PG-13,140,English,George Lucas,Hayden Christensen,Natalie Portman,0.65,0.8,0.54,1,1,0,0,0,0,0,0,0,0,0,0,0,0,0,1,0,0,0
The Big Sick,NA,NA,2017,R,120,English,Michael Showalter,Kumail Nanjiani,Zoe Kazan,0.75,0.98,0.96,0,0,0,0,1,0,0,1,0,0,0,0,0,0,1,0,0,0,0
Despicable Me,Despicable Me,NA,2010,PG,95,English,Pierre Coffin,Steve Carell,Jason Segel,0.76,0.81,0.72,0,1,1,0,1,0,0,0,0,0,0,0,0,0,0,0,0,0,0
Toy Story,Toy Story,NA,1995,G,81,English,John Lasseter,Tom Hanks,Tim Allen,0.83,1,0.95,0,1,1,0,1,0,0,0,0,0,0,0,0,0,0,0,0,0,0
Toy Story 2,Toy Story,NA,1999,G,95,English,John Lasseter,Tom Hanks,Tim Allen,0.79,1,0.88,0,1,1,0,1,0,0,0,0,0,0,0,0,0,0,0,0,0,0
Toy Story 3,Toy Story,NA,2010,G,108,English,Lee Unkrich,Tom Hanks,Tim Allen,0.83,0.98,0.92,0,1,1,0,1,0,0,0,0,0,0,0,0,0,0,0,0,0,0
Toy Story 4,Toy Story,NA,2019,G,100,English,Josh Cooley,Tom Hanks,Tim Allen,0.78,0.97,0.84,0,1,1,0,1,0,0,0,0,0,0,0,0,0,0,0,0,0,0
The Lincoln Lawyer,NA,NA,2011,R,120,English,Brad Furman,Matthew McConaughey,Marisa Tomei,0.73,0.83,0.63,0,0,0,0,0,1,0,1,0,0,0,0,0,0,0,0,0,1,0
Harry Potter and the Philosopher's Stone,Harry Potter,NA,2001,PG,159,English,Chris Columbus,Daniel Radcliffe,Rupert Grint,0.76,0.81,0.64,1,1,0,0,0,0,0,0,1,0,0,0,0,0,0,0,0,0,0
Harry Potter and the Chamber of Secrets,Harry Potter,NA,2002,PG,174,English,Chris Columbus,Daniel Radcliffe,Rupert Grint,0.74,0.82,0.63,1,1,0,0,0,0,0,0,1,0,0,0,0,0,0,0,0,0,0
Harry Potter and the Prisoner of Azkaban,Harry Potter,NA,2004,PG,142,English,Alfonso Cuaron,Daniel Radcliffe,Emma Watson,0.79,0.9,0.82,1,1,0,0,0,0,0,0,1,0,0,0,0,0,0,0,0,0,0
Harry Potter and the Goblet of Fire,Harry Potter,NA,2005,PG-13,157,English,Mike Newell,Daniel Radcliffe,Emma Watson,0.77,0.88,0.81,1,1,0,0,0,0,0,0,1,0,0,0,0,0,0,0,0,0,0
Kill Bill: Volume 2,Kill Bill,NA,2004,R,153,English,Quentin Tarantino,Uma Thurman,David Carradine,0.8,0.84,0.83,1,0,0,0,0,1,0,0,0,0,0,0,0,0,0,0,0,1,0
Spy,NA,NA,2015,R,120,English,Paul Feig,Melissa McCarthy,Rose Byrne,0.7,0.95,0.75,1,0,0,0,1,1,0,0,0,0,0,0,0,0,0,0,0,0,0
Monty Python and the Holy Grail,NA,NA,1975,PG,92,English,Terry Gilliam,Graham Chapman,John Cleese,0.82,0.97,0.91,0,1,0,0,1,0,0,0,1,0,0,0,0,0,0,0,0,0,0
Julie & Julia,NA,NA,2009,PG-13,123,English,Nora Ephron,Amy Adams,Meryl Streep,0.7,0.77,0.66,0,0,0,1,0,0,0,1,0,0,0,0,0,0,1,0,0,0,0
Django Unchained,NA,NA,2012,R,165,English,Quentin Tarantino,Jamie Foxx,Christoph Waltz,0.84,0.87,0.81,1,0,0,0,0,0,0,1,0,0,0,0,0,0,0,0,0,0,1
Inglorious Basterds,NA,NA,2009,R,153,English,Quentin Tarantino,Brad Pitt,Melanie Laurent,0.83,0.89,0.69,0,1,0,0,0,0,0,1,0,0,0,0,0,0,0,0,0,0,0
The Devil Wears Prada,NA,NA,2006,PG-13,110,English,David Frankel,Anne Hathaway,Meryl Streep,0.69,0.75,0.62,0,0,0,0,1,0,0,1,0,0,0,0,0,0,0,0,0,0,0
"The Good, the Bad, and the Ugly",Dollars Trilogy,NA,1966,R,238,English,Sergio Leone,Clint Eastwood,Eli Wallach,0.88,0.97,0.9,1,0,0,0,0,0,0,1,0,0,0,0,0,0,0,0,0,0,1
Deadpool 2,Deadpool,NA,2018,R,134,English,David Leitch,Ryan Reynolds,Josh Brolin,0.77,0.83,0.66,1,1,0,0,1,0,0,0,0,0,0,0,0,0,0,0,0,0,0
Deepwater Horizon,NA,NA,2016,PG-13,107,English,Peter Berg,Mark Wahlberg,Kurt Russell,0.71,0.83,0.68,1,0,0,1,0,0,0,1,0,0,0,0,0,0,0,0,0,0,0
Battle of the Sexes,NA,NA,2017,PG-13,122,English,Jonathan Dayton,Emma Stone,Steve Carell,0.67,0.85,0.73,0,0,0,1,0,0,0,1,0,0,0,0,0,0,0,0,1,0,0
The Incredibles,The Incredibles,NA,2004,PG,116,English,Brad Bird,Craig T. Nelson,Samuel L. Jackson,0.8,0.97,0.9,1,1,1,0,0,0,0,0,0,0,0,0,0,0,0,0,0,0,0
Mad Max: Fury Road,Mad Max,NA,2015,R,120,English,George Miller,Tom Hardy,Charlize Theron,0.81,0.97,0.9,1,1,0,0,0,0,0,0,0,0,0,0,0,0,0,1,0,0,0
American Hustle,NA,NA,2013,R,138,English,David O. Russell,Christian Bale,Amy Adams,0.72,0.92,0.9,0,0,0,0,0,1,0,1,0,0,0,0,0,0,0,0,0,0,0
Bernie,NA,NA,2011,PG-13,104,English,Richard Linklater,Jack Black,Shirley MacLaine,0.68,0.88,0.75,0,0,0,1,1,1,0,0,0,0,0,0,0,0,0,0,0,0,0
Cheaper by the Dozen,Cheaper by the Dozen,NA,2003,PG,106,English,Shawn Levy,Steve Martin,Bonnie Hunt,0.59,0.24,0.46,0,0,0,0,1,0,0,0,0,0,0,0,0,0,0,0,0,0,0
American Sniper,NA,NA,2014,R,134,English,Clint Eastwood,Bradley Cooper,Sienna Miller,0.73,0.72,0.72,0,0,0,1,0,0,0,1,0,0,0,0,0,0,0,0,0,0,0
The Usual Suspects,NA,NA,1995,R,108,English,Bryan Singer,Kevin Spacey,Gabriel Byrne,0.85,0.89,0.77,0,0,0,0,0,1,0,0,0,0,0,0,0,1,0,0,0,1,0
Starsky & Hutch,NA,NA,2004,PG-13,101,English,Todd Phillips,Ben Stiller,Owen Wilson,0.61,0.62,0.55,0,0,0,0,1,1,0,0,0,0,0,0,0,0,0,0,0,0,0
Knives Out,NA,NA,2019,PG-13,130,English,Rian Johnson,Daniel Craig,Chris Evans,0.79,0.97,0.82,0,0,0,0,1,1,0,0,0,0,0,0,0,1,0,0,0,0,0
Rocketman,NA,NA,2019,R,122,English,Dexter Fletcher,Taron Egerton,Jamie Bell,0.73,0.89,0.69,0,0,0,1,0,0,0,1,0,0,0,1,0,0,0,0,0,0,0
Palm Springs,NA,NA,2020,R,90,English,Max Barbakow,Andy Samberg,Cristin Milioti,0.74,0.94,0.83,0,0,0,0,1,0,0,0,1,0,0,0,0,0,1,0,0,0,0
Reservoir Dogs,NA,NA,1992,R,100,English,Quentin Tarantino,Harvey Keitel,Tim Roth,0.83,0.92,0.79,0,0,0,0,0,1,0,0,0,0,0,0,0,1,0,0,0,1,0
Psych: The Movie,Psych,NA,2017,PG,90,English,Steve Franks,James Roday Rodriguez,Dule Hill,0.75,1,NA,0,0,0,0,1,1,0,0,0,0,0,0,0,1,0,0,0,0,0
Psych 2: Lassie Come Home,Psych,NA,2020,PG,88,English,Steve Franks,James Roday Rodriguez,Dule Hill,0.75,0.83,NA,0,0,0,0,1,1,0,0,0,0,0,0,0,1,0,0,0,0,0
Bad Boys II,Bad Boys,NA,2003,R,147,English,Michael Bay,Will Smith,Martin Lawrence,0.66,0.23,0.38,1,0,0,0,1,1,0,0,0,0,0,0,0,0,0,0,0,0,0
Bad Boys For Life,Bad Boys,NA,2020,R,124,English,Adil El Arbi,Will Smith,Martin Lawrence,0.66,0.77,0.59,1,0,0,0,1,1,0,0,0,0,0,0,0,0,0,0,0,0,0
Netflix vs. the World,NA,NA,2019,NA,104,English,Shawn Cauthen,Didier Allouch,John Antioco,0.68,NA,NA,0,0,0,0,0,0,1,0,0,0,0,0,0,0,0,0,0,0,0
Senna,NA,NA,2010,PG-13,162,English,Asif Kapadia,Ayrton Senna,Reginaldo Leme,0.85,0.93,0.79,0,0,0,1,0,0,1,0,0,0,0,0,0,0,0,0,1,0,0
Judy,NA,NA,2019,PG-13,118,English,Rupert Goold,Renee Zellweger,Jessie Buckley,0.68,0.82,0.66,0,0,0,1,0,0,0,1,0,0,0,1,0,0,0,0,0,0,0
A Beautiful Day In The Neighborhood,NA,NA,2019,PG,109,English,Marielle Heller,Tom Hanks,Matthew Rhys,0.73,0.95,0.8,0,0,0,1,0,0,0,1,0,0,0,0,0,0,0,0,0,0,0
My Spy,NA,NA,2020,PG-13,102,English,Peter Segal,Dave Bautista,Chloe Coleman,0.63,0.47,0.46,1,0,0,0,1,0,0,0,0,0,0,0,0,0,0,0,0,0,0
Lilo & Stitch,Lilo & Stitch,NA,2002,PG,85,English,Dead DeBlois,Daveigh Chase,Chris Sanders,0.72,0.86,0.73,0,1,1,0,1,0,0,0,0,0,0,0,0,0,0,0,0,0,0
Tropic Thunder,NA,NA,2008,R,121,English,Ben Stiller,Ben Stiller,Jack Black,0.7,0.82,0.71,1,0,0,0,1,0,0,0,0,0,0,0,0,0,0,0,0,0,0
The Farewell,NA,NA,2019,PG,100,Mandarin,Lulu Wang,Shuzhen Zhao,Awkwafina,0.76,0.98,0.89,0,0,0,0,1,0,0,1,0,0,0,0,0,0,0,0,0,0,0
Fist of Fury,NA,NA,1972,R,108,Cantonese,Lo Wei,Bruce Lee,Nora Miao,0.74,0.81,0.68,1,0,0,0,0,0,0,1,0,0,0,0,0,0,0,0,0,0,0
Super Size Me,Super Size Me,NA,2004,PG-13,100,English,Morgan Spurlock,Morgan Spurlock,Daryl Isaacs,0.72,0.92,0.73,0,0,0,0,0,0,1,0,0,0,0,0,0,0,0,0,0,0,0
Anchorman: The Legend of Run Burgundy,Anchorman,NA,2004,PG-13,104,English,Adam McKay,Will Ferrell,Christina Applegate,0.72,0.67,0.63,0,0,0,0,1,0,0,0,0,0,0,0,0,0,0,0,0,0,0
No Country for Old Men,NA,NA,2007,R,123,English,The Coen Brothers,Tommy Lee Jones,Javier Bardem,0.81,0.93,0.91,0,0,0,0,0,1,0,0,0,0,0,0,0,0,0,0,0,1,1
Mrs. Doubtfire,NA,NA,1993,PG-13,125,English,Chris Columbus,Robin Williams,Sally Field,0.7,0.71,0.53,0,0,0,0,1,0,0,1,0,0,0,0,0,0,0,0,0,0,0
Time is Illmatic,NA,NA,2014,NA,74,English,One9,Nas,Cornel West,0.71,0.98,0.72,0,0,0,1,0,0,1,0,0,0,0,1,0,0,0,0,0,0,0
Shattered Glass,NA,NA,2003,PG-13,99,English,Billy Ray,Hayden Christensen,Chloe Sevigny,0.71,0.92,0.73,0,0,0,1,0,0,0,1,0,0,0,0,0,0,0,0,0,0,0
Rango,NA,NA,2011,PG,111,English,Gore Verbinski,Johnny Depp,Isla Fisher,0.72,0.88,0.75,0,0,1,0,1,0,0,0,0,0,0,0,0,0,0,0,0,0,1
Mud,NA,NA,2012,PG-13,135,English,Jeff Nichols,Matthew McConaughey,Tye Sheridan,0.74,0.97,0.76,0,0,0,0,0,1,0,1,0,0,0,0,0,0,0,0,0,0,0
Three Identical Strangers,NA,NA,2018,PG-13,97,English,Tim Wardle,Robert Shafran,Michael Domnitz,0.77,0.97,0.81,0,0,0,1,0,0,1,1,0,0,0,0,0,0,0,0,0,0,0
The Sisters Brothers,NA,NA,2018,R,122,English,Jacques Audiard,John C. Reilly,Joaquin Phoenix,0.7,0.87,0.78,0,0,0,0,0,1,0,1,0,0,0,0,0,0,0,0,0,0,1
Spaceballs,NA,NA,1987,PG,96,English,Mel Brooks,Mel Brooks,John Candy,0.71,0.58,0.46,0,1,0,0,1,0,0,0,0,0,0,0,0,0,0,1,0,0,0
Ad Astra,NA,NA,2019,PG-13,124,English,James Gray,Brad Pitt,Tommy Lee Jones,0.66,0.83,0.8,0,1,0,0,0,0,0,1,0,0,0,0,0,1,0,0,0,0,0
The Trial of the Chicago 7,NA,NA,2020,R,130,English,Aaron Sorkin,Eddie Redmayne,Alex Sharp,0.79,0.9,0.76,0,0,0,0,0,0,0,1,0,1,0,0,0,0,0,0,0,1,0
Official Secrets,NA,NA,2019,R,112,English,Gavin Hood,Keira Knightley,Matt Smith,0.73,0.82,0.63,0,0,0,1,0,1,0,1,0,0,0,0,0,0,0,0,0,0,0
500 Days of Summer,NA,NA,2009,PG-13,95,English,Marc Webb,Joseph Gordon-Levitt,Zooey Deschanel,0.77,0.85,0.76,0,0,0,0,1,0,0,1,0,0,0,0,0,0,1,0,0,0,0
Foxcatcher,NA,NA,2014,R,134,English,Bennett Miller,Steve Carell,Channing Tatum,0.7,0.87,0.81,0,0,0,1,0,0,0,1,0,0,0,0,0,0,0,0,1,0,0
Fittest on Earth: A Decade of Fitness,NA,NA,2017,NA,116,English,Heber Cannon,Mat Fraser,Katrin Davidsdottir,0.72,NA,NA,0,0,0,0,0,0,1,0,0,0,0,0,0,0,0,0,1,0,0
Ferris Bueller's Day Off,NA,NA,1986,PG-13,103,English,John Hughes,Matthew Broderick,Alan Ruck,0.78,0.81,0.61,0,0,0,0,1,0,0,0,0,0,0,0,0,0,0,0,0,0,0
Eddie the Eagle,NA,NA,2015,PG-13,106,English,Dexter Fletcher,Taron Egerton,Hugh Jackman,0.74,0.82,0.54,0,0,0,1,1,0,0,1,0,0,0,0,0,0,0,0,0,0,0
Limitless,NA,NA,2011,PG-13,105,English,Neil Burger,Bradley Cooper,Abbie Cornish,0.74,0.69,0.59,0,0,0,0,0,0,0,0,0,0,0,0,0,0,0,1,0,1,0
The King's Speech,NA,NA,2010,R,118,English,Tom Hooper,Colin Firth,Geoffrey Rush,0.8,0.94,0.88,0,0,0,1,0,0,0,1,0,1,0,0,0,0,0,0,0,0,0
Mystic River,NA,NA,2003,R,138,English,Clint Eastwood,Sean Penn,Tim Robbins,0.79,0.88,0.84,0,0,0,0,0,1,0,1,0,0,0,0,0,1,0,0,0,0,0
Arctic,NA,NA,2018,PG-13,108,English,Joe Penna,Mads Mikkelsen,Maria Thelma Smaradottir,0.68,0.9,0.71,0,1,0,0,0,0,0,1,0,0,0,0,0,0,0,0,0,0,0
Star Wars Episode VI - Return of the Jedi,Star Wars,NA,1983,PG,131,English,Richard Marquand,Mark Hamill,Harrison Ford,0.83,0.82,0.58,1,1,0,0,0,0,0,0,0,0,0,0,0,0,0,1,0,0,0
Coach Carter,NA,NA,2005,PG-13,136,English,Thomas Carter,Samuel L. Jackson,Rob Brown,0.73,0.64,0.57,0,0,0,1,0,0,0,1,0,0,0,0,0,0,0,0,1,0,0
Mulan,Mulan,Mulan,1998,G,88,English,Tony Bancroft,Ming-Na Wen,Eddie Murphy,0.76,0.86,0.71,0,1,1,0,0,0,0,0,0,0,0,0,0,0,0,0,0,0,0
Mulan II,Mulan,NA,2004,G,79,English,Darrell Rooney,Ming-Na Wen,BD Wong,0.57,0,0.66,0,1,1,0,0,0,0,0,0,0,0,0,0,0,0,0,0,0,0
Molly's Game,NA,NA,2017,R,140,English,Aaron Sorkin,Jessica Chastain,Idris Elba,0.74,0.81,0.71,0,0,0,1,0,1,0,1,0,0,0,0,0,0,0,0,0,0,0
Nebraska,NA,NA,2013,R,115,English,Alexander Payne,Bruce Dern,Will Forte,0.77,0.91,0.87,0,1,0,0,1,0,0,1,0,0,0,0,0,0,0,0,0,0,0
The Fast and the Furious,Fast and Furious,NA,2001,PG-13,106,English,Rob Cohen,Vin Diesel,Paul Walker,0.68,0.53,0.58,1,0,0,0,0,1,0,0,0,0,0,0,0,0,0,0,0,1,0
2 Fast 2 Furious,Fast and Furious,NA,2003,PG-13,107,English,John Singleton,Paul Walker,Tyrese Gibson,0.59,0.36,0.38,1,0,0,0,0,1,0,0,0,0,0,0,0,0,0,0,0,1,0
The Fast and the Furious: Tokyo Drift,Fast and Furious,NA,2006,PG-13,104,English,Justin Lin,Lucas Black,Sung Kang,0.6,0.37,0.45,1,0,0,0,0,1,0,0,0,0,0,0,0,0,0,0,0,1,0
Fast and Furious,Fast and Furious,NA,2009,PG-13,107,English,Justin Lin,Vin Diesel,Paul Walker,0.66,0.29,0.46,1,0,0,0,0,1,0,0,0,0,0,0,0,0,0,0,0,1,0
Fast Five,Fast and Furious,NA,2011,PG-13,130,English,Justin Lin,Vin Diesel,Paul Walker,0.73,0.77,0.66,1,0,0,0,0,1,0,0,0,0,0,0,0,0,0,0,0,1,0
Fast & Furious 6,Fast and Furious,NA,2013,PG-13,130,English,Justin Lin,Vin Diesel,Paul Walker,0.71,0.61,0.71,1,0,0,0,0,1,0,0,0,0,0,0,0,0,0,0,0,1,0
The Fate of the Furious,Fast and Furious,NA,2017,PG-13,136,English,F. Gary Gray,Vin Diesel,Jason Statham,0.67,0.67,0.56,1,0,0,0,0,1,0,0,0,0,0,0,0,0,0,0,0,1,0
BlacKkKlansman,NA,NA,2018,R,135,English,Spike Lee,John David Washington,Adam Driver,0.75,0.96,0.83,0,0,0,1,0,1,0,1,0,0,0,0,0,0,0,0,0,0,0
Green Book,NA,NA,2018,PG-13,130,English,Peter Farrelly,Viggo Mortensen,Mahershala Ali,0.82,0.77,0.69,0,0,0,1,1,0,0,1,0,0,0,0,0,0,0,0,0,0,0
Fargo,NA,NA,1996,R,98,English,The Coen Brothers,Frances McDormand,William H. Macy,0.81,0.94,0.85,0,0,0,0,0,1,0,1,0,0,0,0,0,0,0,0,0,1,0
The Big Lebowski,NA,NA,1998,R,117,English,The Coen Brothers,Jeff Bridges,John Goodman,0.81,0.83,0.71,0,0,0,0,1,1,0,0,0,0,0,0,0,0,0,0,0,0,0
True Grit,NA,True Grit,2010,PG-13,110,English,The Coen Brothers,Jeff Bridges,Matt Damon,0.76,0.96,0.8,0,1,0,0,0,0,0,1,0,0,0,0,0,0,0,0,0,0,1
"O Brother, Where Art Thou?",NA,NA,2000,PG-13,107,English,The Coen Brothers,George Clooney,John Turturro,0.77,0.77,0.69,0,1,0,0,1,1,0,0,0,0,0,0,0,0,0,0,0,0,0
Barton Fink,NA,NA,1991,R,116,English,The Coen Brothers,John Turturro,John Goodman,0.77,0.9,0.69,0,0,0,0,1,0,0,1,0,0,0,0,0,0,0,0,0,1,0
True Grit,NA,True Grit,1969,G,128,English,Henry Hathaway,John Wayne,Glen Campbell,0.74,0.89,0.83,0,1,0,0,0,0,0,1,0,0,0,0,0,0,0,0,0,0,1
Aladdin,NA,Aladdin,1992,G,90,English,Ron Clements,Scott Weinger,Robin Williams,0.8,0.95,0.86,0,1,1,0,1,0,0,0,0,0,0,0,0,0,0,0,0,0,0
Samsara,NA,NA,2011,PG-13,102,NA,Ron Fricke,Balinese Tari Legong Dancers,Ni Made Megahadi Pratiwi,0.85,0.76,0.65,0,0,0,0,0,0,1,0,0,0,0,0,0,0,0,0,0,0,0
Raising Arizona,NA,NA,1987,PG-13,94,English,The Coen Brothers,Nicolas Cage,Holly Hunter,0.73,0.91,0.68,0,0,0,0,1,1,0,0,0,0,0,0,0,0,0,0,0,0,0
The Bourne Ultimatum,Bourne,NA,2007,PG-13,115,English,Paul Greengrass,Matt Damon,Julia Stiles,0.8,0.92,0.85,1,0,0,0,0,0,0,0,0,0,0,0,0,1,0,0,0,1,0
The Bourne Legacy,Bourne,NA,2012,PG-13,135,English,Tony Gilroy,Jeremy Renner,Rachel Weisz,0.66,0.55,0.61,1,1,0,0,0,0,0,0,0,0,0,0,0,0,0,0,0,1,0
Jason Bourne,Bourne,NA,2016,PG-13,123,English,Paul Greengrass,Matt Damon,Tommy Lee Jones,0.66,0.54,0.58,1,1,0,0,0,0,0,0,0,0,0,0,0,0,0,0,0,1,0
A Serious Man,NA,NA,2009,R,106,English,The Coen Brothers,Michael Stuhlbarg,Richard Kind,0.7,0.9,0.84,0,0,0,0,1,0,0,1,0,0,0,0,0,0,0,0,0,0,0
Miller's Crossing,NA,NA,1990,R,115,English,The Coen Brothers,Gabriel Byrne,Marcia Gay Harden,0.77,0.92,0.66,0,0,0,0,0,1,0,1,0,0,0,0,0,0,0,0,0,1,0
WALL-E,NA,NA,2008,G,98,English,Andrew Stanton,Ben Burtt,Elissa Knight,0.84,0.95,0.95,0,1,1,0,0,0,0,0,0,0,0,0,0,0,0,0,0,0,0
Superbad,NA,NA,2007,R,113,English,Greg Mottola,Jonah Hill,Michael Cera,0.76,0.88,0.76,0,0,0,0,1,0,0,0,0,0,0,0,0,0,0,0,0,0,0
Bridge of Spies,NA,NA,2015,PG-13,142,English,Steven Spielberg,Tom Hanks,Mark Rylance,0.76,0.9,0.81,0,0,0,1,0,0,0,1,0,1,0,0,0,0,0,0,0,0,0
Scott Pilgrim vs. the World,NA,NA,2010,PG-13,112,English,Edgar Wright,Michael Cera,Mary Elizabeth Winstead,0.75,0.82,0.69,1,0,0,0,1,0,0,0,1,0,0,0,0,0,0,0,0,0,0
Amelie,NA,NA,2001,R,122,French,Jean-Pierre Jeunet,Audrey Tautou,Mathieu Kassovitz,0.83,0.89,0.69,0,0,0,0,1,0,0,0,0,0,0,0,0,0,1,0,0,0,0
In Bruges,NA,NA,2008,R,107,English,Martin McDonagh,Colin Farrell,Brendan Gleeson,0.79,0.84,0.67,0,0,0,0,1,1,0,1,0,0,0,0,0,0,0,0,0,0,0
Seven Psychopaths,NA,NA,2012,R,110,English,Martin McDonagh,Colin Farrell,Sam Rockwell,0.72,0.83,0.66,0,0,0,0,1,1,0,0,0,0,0,0,0,0,0,0,0,0,0
Moonrise Kingdom,NA,NA,2012,PG-13,94,English,Wes Anderson,Jared Gilman,Kara Hayward,0.78,0.94,0.84,0,0,0,0,1,0,0,1,0,0,0,0,0,0,1,0,0,0,0
Being John Malkovich,NA,NA,1999,R,113,English,Spike Jonze,John Cusack,Cameron Diaz,0.77,0.93,0.9,0,0,0,0,1,0,0,1,1,0,0,0,0,0,0,0,0,0,0
Inside Llewyn Davis,NA,NA,2013,R,110,English,The Coen Brothers,Oscar Isaac,Carey Mulligan,0.75,0.92,0.93,0,0,0,0,1,0,0,1,0,0,0,1,0,0,0,0,0,0,0
Pantani: The Accidental Death of a Cyclist,NA,NA,2014,PG,96,English,James Erskine,Nicola Amaducci,Evgeni Berzin,0.7,0.84,NA,0,0,0,1,0,0,1,0,0,0,0,0,0,0,0,0,1,0,0
Minions,Despicable Me,NA,2015,PG,91,English,Pierre Coffin,Sandra Bullock,Jon Hamm,0.64,0.55,0.56,0,1,1,0,1,0,0,0,0,0,0,0,0,0,0,0,0,0,0
Fantastic Mr. Fox,NA,NA,2009,PG,87,English,Wes Anderson,George Clooney,Meryl Streep,0.79,0.93,0.83,0,1,1,0,1,0,0,0,0,0,0,0,0,0,0,0,0,0,0
Despicable Me 2,Despicable Me,NA,2013,PG,98,English,Pierre Coffin,Steve Carell,Kristen Wiig,0.73,0.75,0.62,0,1,1,0,1,0,0,0,0,0,0,0,0,0,0,0,0,0,0
Shaun of the Dead,Three Flavours Cornetto,NA,2004,R,99,English,Edgar Wright,Simon Pegg,Nick Frost,0.79,0.92,0.76,0,0,0,0,1,0,0,0,0,0,1,0,0,0,0,0,0,0,0
The World's End,Three Flavours Cornetto,NA,2013,R,109,English,Edgar Wright,Simon Pegg,Nick Frost,0.7,0.82,0.81,1,0,0,0,1,0,0,0,0,0,0,0,0,0,0,1,0,0,0
The Adventures of Tintin,NA,NA,2011,PG,107,English,Steven Spielberg,Jamie Bell,Andy Serkis,0.73,0.74,0.68,1,1,1,0,0,0,0,0,0,0,0,0,0,0,0,0,0,0,0
Argo,NA,NA,2012,R,120,English,Ben Affleck,Ben Affleck,Bryan Cranston,0.77,0.96,0.86,0,0,0,1,0,0,0,1,0,0,0,0,0,0,0,0,0,1,0
Our Man in Tehran,NA,NA,2013,NA,85,English,Drew Taylor,Kenneth D. Taylor,Tony Mendez,0.74,0.83,0.58,0,0,0,0,0,0,1,0,0,1,0,0,0,0,0,0,0,0,0
The Royal Tenenbaums,NA,NA,2001,R,110,English,Wes Anderson,Gene Hackman,Anjelica Huston,0.76,0.8,0.76,0,0,0,0,1,0,0,1,0,0,0,0,0,0,0,0,0,0,0
The Life Aquatic with Steve Zissou,NA,NA,2004,R,119,English,Wes Anderson,Bill Murray,Owen Wilson,0.73,0.56,0.62,1,1,0,0,1,0,0,0,0,0,0,0,0,0,0,0,0,0,0
Rushmore,NA,NA,1998,R,93,English,Wes Anderson,Jason Schwartzman,Bill Murray,0.77,0.89,0.86,0,0,0,0,1,0,0,1,0,0,0,0,0,0,1,0,0,0,0
A Raisin in the Sun,NA,NA,1961,NA,128,English,Daniel Petrie,Sidney Poitier,Claudia McNeil,0.8,0.94,0.87,0,0,0,0,0,0,0,1,0,0,0,0,0,0,0,0,0,0,0
Citizenfour,NA,NA,2014,R,114,English,Laura Poitras,Edward Snowden,Glenn Greenwald,0.8,0.96,0.88,0,0,0,1,0,0,1,0,0,0,0,0,0,0,0,0,0,0,0
Isle of Dogs,NA,NA,2018,PG-13,101,English,Wes Anderson,Bryan Cranston,Koyu Rankin,0.79,0.9,0.82,0,1,1,0,1,0,0,0,0,0,0,0,0,0,0,0,0,0,0
The Ballad of Buster Scruggs,NA,NA,2018,R,133,English,The Coen Brothers,Tyne Daly,James Franco,0.73,0.89,0.79,0,0,0,0,1,0,0,1,0,0,0,0,0,0,0,0,0,0,1
Mulan,NA,Mulan,2020,PG-13,115,English,Niki Caro,Yifei Liu,Donnie Yen,0.55,0.73,0.66,1,1,0,0,0,0,0,1,0,0,0,0,0,0,0,0,0,0,0
Hugo,NA,NA,2011,PG,126,English,Martin Scorsese,Ben Kingsley,Sacha Baron Cohen,0.75,0.93,0.83,0,0,0,0,0,0,0,1,0,0,0,0,0,0,0,0,0,0,0
Frost/Nixon,NA,NA,2008,R,122,English,Ron Howard,Michael Sheen,Frank Langella,0.77,0.93,0.8,0,0,0,1,0,0,0,1,0,1,0,0,0,0,0,0,0,0,0
Batman Begins,The Dark Knight Trilogy,NA,2005,PG-13,140,English,Christopher Nolan,Christian Bale,Michael Caine,0.82,0.84,0.7,1,1,0,0,0,0,0,0,0,0,0,0,0,0,0,0,0,0,0
The Dark Knight,The Dark Knight Trilogy,NA,2008,PG-13,152,English,Christopher Nolan,Christian Bale,Michael Caine,0.9,0.94,0.84,1,0,0,0,0,1,0,1,0,0,0,0,0,0,0,0,0,0,0
The Dark Knight Rises,The Dark Knight Trilogy,NA,2012,PG-13,164,English,Christopher Nolan,Christian Bale,Michael Caine,0.84,0.87,0.78,1,1,0,0,0,0,0,0,0,0,0,0,0,0,0,0,0,0,0
Dr. Strangelove or: How I Learned to Stop Worrying and Love the Bomb,NA,NA,1964,PG,95,English,Stanley Kubrick,Peter Sellers,George C. Scott,0.84,0.98,0.97,0,0,0,0,1,0,0,0,0,0,0,0,0,0,0,0,0,0,0
Spider-Man: Into the Spider-Verse,NA,NA,2018,PG,117,English,Bob Persichetti,Shameik Moore,Jake Johnson,0.84,0.97,0.87,1,1,1,0,0,0,0,0,0,0,0,0,0,0,0,0,0,0,0
Jojo Rabbit,NA,NA,2019,PG-13,108,English,Taika Waititi,Roman Griffin Davis,Thomasin McKenzie,0.79,0.8,0.58,0,0,0,0,1,0,0,1,0,0,0,0,0,0,0,0,0,0,0
Richard Jewell,NA,NA,2019,R,131,English,Clint Eastwood,Paul Walter Hauser,Sam Rockwell,0.75,0.77,0.68,0,0,0,1,0,1,0,1,0,0,0,0,0,0,0,0,0,0,0
The Goonies,NA,NA,1985,PG,114,English,Richard Donner,Sean Astin,Josh Brolin,0.78,0.77,0.62,0,1,0,0,1,0,0,0,0,0,0,0,0,0,0,0,0,0,0
Rogue One: A Star Wars Story,Star Wars,NA,2016,PG-13,133,English,Gareth Edwards,Felicity Jones,Diego Luna,0.78,0.84,0.65,1,1,0,0,0,0,0,0,0,0,0,0,0,0,0,1,0,0,0
Dr. No,James Bond,NA,1962,PG,110,English,Terence Young,Sean Connery,Ursula Andress,0.72,0.95,0.78,1,1,0,0,0,0,0,0,0,0,0,0,0,0,0,0,0,1,0
Chi-Raq,NA,NA,2015,R,127,English,Spike Lee,Nick Cannon,Wesley Snipes,0.57,0.82,0.77,0,0,0,0,0,1,0,1,0,0,0,0,1,0,0,0,0,0,0
From Russia With Love,James Bond,NA,1963,PG,115,English,Terence Young,Sean Connery,Pedro Armendariz,0.74,0.95,0.84,1,1,0,0,0,0,0,0,0,0,0,0,0,0,0,0,0,1,0
Se7en,NA,NA,1995,R,127,English,David Fincher,Brad Pitt,Morgan Freeman,0.86,0.82,0.65,0,0,0,0,0,1,0,1,0,0,0,0,0,1,0,0,0,0,0
"Monsters, Inc.","Monsters, Inc.",NA,2001,G,92,English,Pete Docter,John Goodman,Billy Crystal,0.81,0.96,0.79,0,1,1,0,1,0,0,0,0,0,0,0,0,0,0,0,0,0,0
12 Angry Men,NA,NA,1957,NA,96,English,Sidney Lumet,Henry Fonda,Lee J. Cobb,0.9,1,0.96,0,0,0,0,0,1,0,1,0,0,0,0,0,0,0,0,0,0,0
Monsters University,"Monsters, Inc.",NA,2013,G,104,English,Dan Scanlon,Billy Crystal,John Goodman,0.73,0.8,0.65,0,1,1,0,1,0,0,0,0,0,0,0,0,0,0,0,0,0,0
21 Jump Street,Jump Street,NA,2012,R,109,English,Phil Lord,Jonah Hill,Channing Tatum,0.72,0.84,0.69,1,0,0,0,1,1,0,0,0,0,0,0,0,0,0,0,0,0,0
Goldfinger,James Bond,NA,1964,PG,110,English,Guy Hamilton,Sean Connery,Honor Blackman,0.77,0.99,0.87,1,1,0,0,0,0,0,0,0,0,0,0,0,0,0,0,0,1,0
The Infiltrator,NA,NA,2016,R,127,English,Brad Furman,Bryan Cranston,Diane Kruger,0.7,0.72,0.66,0,0,0,1,0,1,0,1,0,0,0,0,0,0,0,0,0,0,0
Inside Out,NA,NA,2015,PG,95,English,Pete Docter,Amy Poehler,Phyllis Smith,0.81,0.98,0.94,0,1,1,0,1,0,0,0,0,0,0,0,0,0,0,0,0,0,0
Pirates of the Caribbean: At World's End,Pirates of the Caribbean,NA,2007,PG-13,169,English,Gore Verbinski,Johnny Depp,Orlando Bloom,0.71,0.44,0.5,1,1,0,0,0,0,0,0,1,0,0,0,0,0,0,0,0,0,0
Pirates of the Caribbean: On Stranger Tides,Pirates of the Caribbean,NA,2011,PG-13,136,English,Rob Marshall,Johnny Depp,Penelope Cruz,0.66,0.33,0.45,1,1,0,0,0,0,0,0,1,0,0,0,0,0,0,0,0,0,0
Pirates of the Caribbean: Dead Men Tell No Tales,Pirates of the Caribbean,NA,2017,PG-13,129,English,Joachim Ronning,Johnny Depp,Javier Bardem,0.65,0.29,0.39,1,1,0,0,0,0,0,0,1,0,0,0,0,0,0,0,0,0,0
Frozen,Frozen,NA,2013,PG,102,English,Chris Buck,Kristen Bell,Idina Menzel,0.74,0.9,0.75,0,1,1,0,0,0,0,0,0,0,0,0,1,0,0,0,0,0,0
Up,NA,NA,2009,PG,96,English,Pete Docter,Ed Asner,Christopher Plummer,0.82,0.98,0.88,0,1,1,0,1,0,0,0,0,0,0,0,0,0,0,0,0,0,0
Thunderball,James Bond,NA,1965,PG,130,English,Terence Young,Sean Connery,Claudine Auger,0.7,0.86,0.64,1,1,0,0,0,0,0,0,0,0,0,0,0,0,0,0,0,1,0
Finding Nemo,Finding Nemo,NA,2003,G,100,English,Andrew Stanton,Albert Brooks,Ellen DeGeneres,0.81,0.99,0.9,0,1,1,0,1,0,0,0,0,0,0,0,0,0,0,0,0,0,0
Star Wars: Episode IX - The Rise of Skywalker,Star Wars,NA,2019,PG-13,141,English,J.J. Abrams,Mark Hamill,Carrie Fisher,0.66,0.51,0.53,1,1,0,0,0,0,0,0,0,0,0,0,0,0,0,1,0,0,0
Finding Dory,Finding Nemo,NA,2016,PG,97,English,Andrew Stanton,Ellen DeGeneres,Albert Brooks,0.73,0.94,0.77,0,1,1,0,1,0,0,0,0,0,0,0,0,0,0,0,0,0,0
You Only Live Twice,James Bond,NA,1967,PG,117,English,Lewis Gilbert,Sean Connery,Akiko Wakabayashi,0.69,0.73,0.61,1,1,0,0,0,0,0,0,0,0,0,0,0,0,0,0,0,1,0
Elf,NA,NA,2003,PG,97,English,Jon Favreau,Will Ferrell,James Caan,0.7,0.84,0.64,0,1,0,0,1,0,0,0,0,0,0,0,0,0,0,0,0,0,0
Chef,NA,NA,2014,R,114,English,Jon Favreau,Jon Favreau,Sofia Vergara,0.73,0.87,0.68,0,1,0,0,1,0,0,1,0,0,0,0,0,0,0,0,0,0,0
A Fish Called Wanda,NA,NA,1988,R,108,English,Charles Crichton,John Cleese,Jamie Lee Curtis,0.75,0.95,0.8,0,0,0,0,1,1,0,0,0,0,0,0,0,0,0,0,0,0,0
The Lion King,The Lion King,The Lion King,1994,G,88,English,Roger Allers,Jonathan Taylor Thomas,Matthew Broderick,0.85,0.93,0.88,0,1,1,0,0,0,0,1,0,0,0,0,0,0,0,0,0,0,0
The Lion King,NA,The Lion King,2019,PG,118,English,Jon Favreau,Donald Glover,Seth Rogen,0.69,0.52,0.55,0,1,0,0,0,0,0,1,0,0,0,0,0,0,0,0,0,0,0
Once Upon a Time in the West,Once Upon a Time,NA,1968,PG-13,165,English,Sergio Leone,Claudia Cardinale,Henry Fonda,0.85,0.95,0.8,0,0,0,0,0,0,0,0,0,0,0,0,0,0,0,0,0,0,1
Megamind,NA,NA,2010,PG,95,English,Tom McGrath,Will Ferrell,Tina Fey,0.72,0.73,0.63,1,0,1,0,1,0,0,0,0,0,0,0,0,0,0,0,0,0,0
On Her Majesty's Secret Service,James Bond,NA,1969,PG,142,English,Peter Hunt,George Lazenby,Diana Rigg,0.67,0.81,0.61,1,1,0,0,0,0,0,0,0,0,0,0,0,0,0,0,0,1,0
How to Train Your Dragon,How to Train Your Dragon,NA,2010,PG,98,English,Chris Sanders,Jay Baruchel,Gerald Butler,0.81,0.99,0.75,1,1,1,0,0,0,0,0,0,0,0,0,0,0,0,0,0,0,0
Full Metal Jacket,NA,NA,1987,R,116,English,Stanley Kubrick,Matthew Modine,Adam Baldwin,0.83,0.92,0.76,0,0,0,0,0,0,0,1,0,0,0,0,0,0,0,0,0,0,0
Soul,NA,NA,2020,PG,100,English,Pete Docter,Jamie Foxx,Tina Fey,0.82,0.95,0.85,0,1,1,0,1,0,0,0,0,0,0,0,0,0,0,0,0,0,0
Le Placard,NA,NA,2001,R,84,French,Francis Veber,Daniel Auteuil,Gerard Depardieu,0.7,0.85,0.72,0,0,0,0,1,0,0,0,0,0,0,0,0,0,0,0,0,0,0
Let's Get Lost,NA,NA,1988,NA,120,English,Bruce Weber,Chet Baker,Carol Baker,0.79,0.96,0.85,0,0,0,1,0,0,1,0,0,0,0,1,0,0,0,0,0,0,0
The Color of Money,The Hustler,NA,1986,R,119,English,Martin Scorsese,Paul Newman,Tom Cruise,0.7,0.89,0.77,0,0,0,0,0,0,0,1,0,0,0,0,0,0,0,0,1,0,0
Antz,NA,NA,1998,PG,83,English,Eric Darnell,Woody Allen,Dan Aykroyd,0.65,0.92,0.72,0,1,1,0,1,0,0,0,0,0,0,0,0,0,0,0,0,0,0
A Bug's Life,NA,NA,1998,G,95,English,John Lasseter,Dave Foley,Kevin Spacey,0.72,0.92,0.77,0,1,1,0,1,0,0,0,0,0,0,0,0,0,0,0,0,0,0
My Octopus Teacher,NA,NA,2020,G,85,English,Pippa Ehrlich,Craig Foster,Tom Foster,0.83,1,NA,0,0,0,0,0,0,1,0,0,0,0,0,0,0,0,0,0,0,0
Donnie Brasco,NA,NA,1997,R,127,English,Mike Newell,Al Pacino,Johnny Depp,0.77,0.88,0.76,0,0,0,1,0,1,0,1,0,0,0,0,0,0,0,0,0,0,0
The Great Gatsby,NA,The Great Gatsby,2013,PG-13,143,English,Baz Luhrmann,Leonardo DiCaprio,Tobey Maguire,0.72,0.48,0.55,0,0,0,0,0,0,0,1,0,0,0,0,0,0,1,0,0,0,0
The Great Gatsby,NA,The Great Gatsby,1974,PG,144,English,Jack Clayton,Robert Redford,Mia Farrow,0.64,0.39,0.43,0,0,0,0,0,0,0,1,0,0,0,0,0,0,1,0,0,0,0
Burn After Reading,NA,NA,2008,R,96,English,The Coen Brothers,George Clooney,Frances McDormand,0.7,0.77,0.63,0,0,0,0,1,1,0,1,0,0,0,0,0,0,0,0,0,0,0
Brave,NA,NA,2012,PG,93,English,Mark Andrews,Kelly Macdonald,Billy Connolly,0.71,0.78,0.69,0,1,1,0,1,0,0,0,0,0,0,0,0,0,0,0,0,0,0
The Good Dinosaur,NA,NA,2015,PG,93,English,Peter Sohn,Jeffrey Wright,Frances McDormand,0.67,0.76,0.66,0,1,1,0,1,0,0,0,0,0,0,0,0,0,0,0,0,0,0
Onward,NA,NA,2020,PG,102,English,Dan Scanlon,Tom Holland,Chris Pratt,0.74,0.88,0.61,0,1,1,0,1,0,0,0,0,0,0,0,0,0,0,0,0,0,0
Annie Hall,NA,NA,1977,PG,93,English,Woody Allen,Woody Allen,Diane Keaton,0.8,0.98,0.92,0,0,0,0,1,0,0,0,0,0,0,0,0,0,1,0,0,0,0
The Darjeeling Limited,NA,NA,2007,R,91,English,Wes Anderson,Owen Wilson,Adrien Brody,0.72,0.69,0.67,0,1,0,0,1,0,0,1,0,0,0,0,0,0,0,0,0,0,0
Goodfellas,NA,NA,1990,R,146,English,Martin Scorsese,Robert De Niro,Ray Liotta,0.87,0.98,0.9,0,0,0,1,0,1,0,1,0,0,0,0,0,0,0,0,0,0,0
Rain Man,NA,NA,1988,R,133,English,Barry Levinson,Dustin Hoffman,Tom Cruise,0.8,0.89,0.65,0,0,0,0,0,0,0,1,0,0,0,0,0,0,0,0,0,0,0
Taxi Driver,NA,NA,1976,R,114,English,Martin Scorsese,Robert De Niro,Jodie Foster,0.83,0.96,0.94,0,0,0,0,0,1,1,0,0,0,0,0,0,0,0,0,0,0,0
Casino,NA,NA,1995,R,178,English,Martin Scorsese,Robert De Niro,Sharon Stone,0.82,0.8,0.73,0,0,0,0,0,1,0,1,0,0,0,0,0,0,0,0,0,0,0
A Few Good Men,NA,NA,1992,R,138,English,Rob Reiner,Tom Cruise,Jack Nicholson,0.77,0.83,0.62,0,0,0,0,0,0,0,1,0,0,0,0,0,0,0,0,0,1,0
Moana,NA,NA,2016,PG,107,English,John Musker,Auli'i Cravalho,Dwayne Johnson,0.76,0.95,0.81,0,1,1,0,1,0,0,0,0,0,0,0,0,0,0,0,0,0,0
Wreck-It Ralph,Wreck-It Ralph,NA,2012,PG,101,English,Rich Moore,John C. Reilly,Sarah Silverman,0.77,0.87,0.72,0,1,1,0,1,0,0,0,0,0,0,0,0,0,0,0,0,0,0
Ralph Breaks the Internet,Wreck-It Ralph,NA,2018,PG,112,English,Rich Moore,John C. Reilly,Sarah Silverman,0.7,0.88,0.71,0,1,1,0,1,0,0,0,0,0,0,0,0,0,0,0,0,0,0
Honeyland,NA,NA,2019,NA,89,Turkish,Ljubomir Stefanov,Hatidze Muratova,Nazife Muratova,0.8,1,0.86,0,0,0,0,0,0,1,0,0,0,0,0,0,0,0,0,0,0,0
Won't You Be My Neighbor?,NA,NA,2018,PG-13,95,English,Morgan Neville,Joanne Rogers,John Rogers,0.84,0.97,0.85,0,0,0,1,0,0,1,0,0,0,0,0,0,0,0,0,0,0,0
Le Diner de Cons,NA,Le Diner de Cons,1998,PG-13,80,French,Francis Veber,Thierry Lhermitte,Jacques Villeret,0.77,0.74,0.73,0,0,0,0,1,0,0,0,0,0,0,0,0,0,0,0,0,0,0
Dinner for Schmucks,NA,Le Diner de Cons,2010,PG-13,114,English,Jay Roach,Steve Carell,Paul Rudd,0.59,0.42,0.56,0,0,0,0,1,0,0,0,0,0,0,0,0,0,0,0,0,0,0
The Intouchables,NA,The Intouchables,2011,R,112,French,Oliver Nakache,Francois Cluzet,Omar Sy,0.85,0.75,0.57,0,0,0,1,1,0,0,1,0,0,0,0,0,0,0,0,0,0,0
Dirty Rotten Scoundrels,NA,Bedtime Story,1988,PG,110,English,Frank Oz,Steve Martin,Michael Caine,0.74,0.89,0.68,0,0,0,0,1,1,0,0,0,0,0,0,0,0,0,0,0,0,0
Bedtime Story,NA,Bedtime Story,1964,NA,99,English,Ralph Levy,Marlon Brando,David Niven,0.68,0.33,0.54,0,0,0,0,1,1,0,0,0,0,0,0,0,0,0,0,0,0,0
Inside Man: Most Wanted,Inside Man,NA,2019,R,105,English,M.J. Bassett,Aml Ameen,Rhea Seehorn,0.56,0.37,NA,1,0,0,0,0,1,0,0,0,0,0,0,0,0,0,0,0,1,0
Mission: Impossible,Mission: Impossible,NA,1996,PG-13,110,English,Brian De Palma,Tom Cruise,Jon Voight,0.71,0.64,0.59,1,1,0,0,0,0,0,0,0,0,0,0,0,0,0,0,0,1,0
Mission: Impossible II,Mission: Impossible,NA,2000,PG-13,123,English,John Woo,Tom Cruise,Dougray Scott,0.61,0.57,0.59,1,1,0,0,0,0,0,0,0,0,0,0,0,0,0,0,0,1,0
Grizzly Man,NA,NA,2005,R,103,English,Werner Herzog,Timothy Treadwell,Amie Huguenard,0.78,0.92,0.87,0,0,0,1,0,0,1,0,0,0,0,0,0,0,0,0,0,0,0
Mission: Impossible III,Mission: Impossible,NA,2006,PG-13,126,English,J.J. Abrams,Tom Cruise,Philip Seymour Hoffman,0.69,0.71,0.66,1,1,0,0,0,0,0,0,0,0,0,0,0,0,0,0,0,1,0
Mission: Impossible - Ghost Protocol,Mission: Impossible,NA,2011,PG-13,132,English,Brad Bird,Tom Cruise,Paula Patton,0.74,0.94,0.73,1,1,0,0,0,0,0,0,0,0,0,0,0,0,0,0,0,1,0
Infernal Affairs,Infernal Affairs,Infernal Affairs,2002,R,101,Cantonese,Andrew Lau,Andy Lau,Tony Leung,0.8,0.94,0.75,1,0,0,0,0,1,0,1,0,0,0,0,0,0,0,0,0,0,0
Jiro Dreams of Sushi,NA,NA,2011,PG,81,Japanese,David Gelb,Jiro Ono,Yoshikazu Ono,0.79,0.99,0.77,0,0,0,0,0,0,1,0,0,0,0,0,0,0,0,0,0,0,0
The Assistant,NA,NA,2019,R,87,English,Kitty Green,Julia Garner,Matthew Macfadyen,0.62,0.92,0.79,0,0,0,0,0,0,0,1,0,0,0,0,0,0,0,0,0,0,0
Lady Bird,NA,NA,2017,R,94,English,Greta Gerwig,Saoirse Ronan,Laurie Metcalf,0.74,0.99,0.94,0,0,0,0,1,0,0,1,0,0,0,0,0,0,0,0,0,0,0
How to Train Your Dragon 2,How to Train Your Dragon,NA,2014,PG,102,English,Dean DeBlois,Jay Baruchel,Cate Blanchett,0.78,0.91,0.76,1,1,1,0,0,0,0,0,0,0,0,0,0,0,0,0,0,0,0
Mirai,NA,NA,2018,PG,98,Japanese,Mamoru Hosoda,Gen Hoshino,Kumiko Aso,0.7,0.9,0.81,0,1,1,0,0,0,0,0,1,0,0,0,0,0,0,0,0,0,0
Sound of Metal,NA,NA,2019,R,120,English,Darius Marder,Riz Ahmed,Olivia Cooke,0.78,0.96,0.81,0,0,0,0,0,0,0,1,0,0,0,1,0,0,0,0,0,0,0
How to Train Your Dragon: The Hidden World,How to Train Your Dragon,NA,2019,PG,104,English,Dead DeBlois,Jay Baruchel,America Ferrera,0.75,0.9,0.71,1,1,1,0,0,0,0,0,0,0,0,0,0,0,0,0,0,0,0
The Untouchables,NA,NA,1987,R,119,English,Brian De Palma,Kevin Costner,Sean Connery,0.79,0.83,0.79,0,0,0,0,0,1,0,1,0,0,0,0,0,0,0,0,0,1,0
Amadeus,NA,NA,1984,R,160,English,Milos Forman,F. Murray Abraham,Tom Hulce,0.83,0.93,0.88,0,0,0,1,0,0,0,1,0,0,0,1,0,0,0,0,0,0,0
Richie Rich,Richie Rich,NA,1994,PG,95,English,Donald Petrie,Macaulay Culkin,John Larroquette,0.54,0.24,0.49,0,0,0,0,1,0,0,0,0,0,0,0,0,0,0,0,0,0,0
Kung Fu Panda,Kung Fu Panda,NA,2008,PG,92,English,John Stevenson,Jack Black,Dustin Hoffman,0.75,0.87,0.74,1,1,1,0,0,0,0,0,0,0,0,0,0,0,0,0,0,0,0
Kung Fu Panda 2,Kung Fu Panda,NA,2011,PG,90,English,Jennifer Yuh Nelson,Jack Black,Angelina Jolie,0.72,0.81,0.67,1,1,1,0,0,0,0,0,0,0,0,0,0,0,0,0,0,0,0
Kung Fu Panda 3,Kung Fu Panda,NA,2016,PG,95,English,Jennifer Yuh Nelson,Jack Black,Bryan Cranston,0.71,0.87,0.66,1,1,1,0,0,0,0,0,0,0,0,0,0,0,0,0,0,0,0
My Neighbor Totoro,NA,NA,1988,G,86,Japanese,Hayao Miyazaki,Noriko Hidaka,Chika Sakamoto,0.82,0.94,0.86,0,0,1,0,0,0,0,0,1,0,0,0,0,0,0,0,0,0,0
The Prestige,NA,NA,2006,PG-13,130,English,Christopher Nolan,Hugh Jackman,Christian Bale,0.85,0.76,0.66,0,0,0,0,0,0,0,1,0,0,0,0,0,1,0,0,0,0,0
Weekend at Bernie's,NA,NA,1989,PG-13,97,English,Ted Kotcheff,Andrew McCarthy,Jonathan Silverman,0.64,0.54,0.32,0,1,0,0,1,0,0,0,0,0,0,0,0,0,0,0,0,0,0
The Dig,NA,NA,2021,PG-13,112,English,Simon Stone,Carey Mulligan,Ralph Fiennes,0.72,0.87,0.73,0,0,0,1,0,0,0,1,0,1,0,0,0,0,0,0,0,0,0
Groundhog Day,NA,NA,1993,PG,101,English,Harold Ramis,Bill Murray,Andie MacDowell,0.8,0.96,0.72,0,0,0,0,1,0,0,0,1,0,0,0,0,0,1,0,0,0,0
The Parent Trap,NA,The Parent Trap,1961,G,129,English,David Swift,Hayley Mills,Maureen O'Hara,0.71,0.9,0.73,0,0,0,0,1,0,0,0,0,0,0,0,0,0,1,0,0,0,0
The Parent Trap,NA,The Parent Trap,1998,PG,128,English,Nancy Meyers,Lindsay Lohan,Dennis Quaid,0.65,0.86,0.64,0,0,0,0,1,0,0,0,0,0,0,0,0,0,1,0,0,0,0
One Hundred and One Dalmatians,NA,One Hundred and One Dalmatians,1961,G,79,English,Wolfgang Reitherman,Rod Taylor,J. Pat O'Malley,0.73,0.98,0.83,0,1,1,0,1,0,0,0,0,0,0,0,0,0,0,0,0,0,0
My Fair Lady,NA,NA,1964,G,170,English,George Cukor,Audrey Hepburn,Rex Harrison,0.78,0.95,0.95,0,0,0,0,0,0,0,1,0,0,0,0,1,0,0,0,0,0,0
101 Dalmatians,101 Dalmatians,One Hundred and One Dalmatians,1996,G,103,English,Stephen Herek,Glenn Close,Jeff Daniels,0.57,0.41,0.49,0,1,0,0,1,0,0,0,0,0,0,0,0,0,0,0,0,0,0
Raging Bull,NA,NA,1980,R,129,English,Martin Scorsese,Robert De Niro,Cathy Moriarty,0.82,0.93,0.89,0,0,0,1,0,0,0,1,0,0,0,0,0,0,0,0,1,0,0
Kick-Ass,Kick-Ass,NA,2010,R,117,English,Matthew Vaughn,Aaron Taylor-Johnson,Christopher Mintz-Plasse,0.76,0.76,0.66,1,0,0,0,1,1,0,0,0,0,0,0,0,0,0,0,0,0,0
Ava,NA,NA,2020,R,96,English,Tate Taylor,Jessica Chastain,John Malkovich,0.54,0.17,0.39,1,0,0,0,0,1,0,1,0,0,0,0,0,0,0,0,0,0,0
Last Breath,NA,NA,2019,NA,90,English,Alex Parkinson,Duncan Allcock,Stuart Anderson,0.77,0.92,NA,0,0,0,0,0,0,1,0,0,0,0,0,0,0,0,0,0,0,0
Touching the Void,NA,NA,2003,R,106,English,Kevin Macdonald,Brendan Mackey,Nicholas Aaron,0.8,0.94,0.82,0,1,0,0,0,0,1,1,0,0,0,0,0,0,0,0,0,0,0
Tangled,NA,NA,2010,PG,100,English,Nathan Greno,Zachary Levi,Mandy Moore,0.77,0.89,0.7,0,1,1,0,1,0,0,0,0,0,0,0,0,0,0,0,0,0,0
Capote,NA,NA,2005,R,114,English,Bennett Miller,Philip Seymour Hoffman,Catherine Keener,0.73,0.9,0.88,0,0,0,1,0,1,0,1,0,0,0,0,0,0,0,0,0,0,0
Breakfast at Tiffany's,NA,NA,1961,NA,115,English,Blake Edwards,Audrey Hepburn,George Peppard,0.76,0.89,0.76,0,0,0,0,1,0,0,1,0,0,0,0,0,0,1,0,0,0,0
Bolt,NA,NA,2008,PG,96,English,Chris Williams,John Travolta,Miley Cyrus,0.68,0.89,0.67,0,1,1,0,1,0,0,0,0,0,0,0,0,0,0,0,0,0,0
War Dogs,NA,NA,2016,R,114,English,Todd Phillips,Jonah Hill,Miles Teller,0.71,0.61,0.57,0,0,0,1,1,1,0,0,0,0,0,0,0,0,0,0,0,0,0
The Mole Agent,NA,NA,2020,NA,84,Spanish,Maite Alberdi,Sergio Chamy,Romulo Aitken,0.76,0.94,0.69,0,0,0,0,0,0,1,0,0,0,0,0,0,0,0,0,0,0,0
Spies in Disguise,NA,NA,2019,PG,102,English,Troy Quane,Will Smith,Tom Holland,0.68,0.76,0.54,1,1,1,0,0,0,0,0,0,0,0,0,0,0,0,0,0,0,0
Eat Pray Love,NA,NA,2010,PG-13,133,English,Ryan Murphy,Julia Roberts,James Franco,0.58,0.36,0.5,0,0,0,1,0,0,0,1,0,0,0,0,0,0,1,0,0,0,0
The Bells of St. Mary's,Going My Way,NA,1945,NA,126,English,Leo McCarey,Bing Crosby,Ingrid Bergman,0.73,0.85,NA,0,0,0,0,0,0,0,1,0,0,0,0,0,0,0,0,0,0,0
Going My Way,Going My Way,NA,1944,NA,126,English,Leo McCarey,Bing Crosby,Barry Fitzgerald,0.7,0.81,NA,0,0,0,0,0,0,0,1,0,0,0,0,0,0,0,0,0,0,0
The Silence of the Lambs,Hannibal Lecter,NA,1991,R,118,English,Jonathan Demme,Jodie Foster,Anthony Hopkins,0.86,0.96,0.85,0,0,0,0,0,1,0,0,0,0,1,0,0,0,0,0,0,1,0
Legend,NA,NA,2015,R,132,English,Brian Helgeland,Tom Hardy,Emily Browning,0.69,0.61,0.55,0,0,0,1,0,1,0,1,0,0,0,0,0,0,0,0,0,0,0
Tinker Tailor Soldier Spy,NA,NA,2011,R,122,English,Tomas Alfredson,Gary Oldman,Colin Firth,0.71,0.83,0.85,0,0,0,0,0,0,0,1,0,0,0,0,0,1,0,0,0,1,0
Lost in Translation,NA,NA,2003,R,102,English,Sofia Coppola,Bill Murray,Scarlett Johansson,0.77,0.95,0.89,0,0,0,0,1,0,0,1,0,0,0,0,0,0,1,0,0,0,0
The Bling Ring,NA,NA,2013,R,90,English,Sofia Coppola,Israel Broussard,Katie Chang,0.56,0.6,0.66,0,0,0,1,0,1,0,1,0,0,0,0,0,0,0,0,0,0,0
The French Connection,The French Connection,NA,1971,R,104,English,William Friedkin,Gene Hackman,Fernando Rey,0.77,0.98,0.94,1,0,0,0,0,1,0,1,0,0,0,0,0,0,0,0,0,0,0
Alice in Wonderland,Alice in Wonderland,Alice in Wonderland,2010,PG,108,English,Tim Burton,Mia Wasikowska,Johnny Depp,0.64,0.51,0.53,0,1,0,0,0,0,0,0,1,0,0,0,0,0,0,0,0,0,0
Alice Through the Looking Glass,Alice in Wonderland,NA,2016,PG,113,English,James Bobin,Johnny Depp,Mia Wasikowska,0.62,0.29,0.34,0,1,0,0,0,0,0,0,1,0,0,0,0,0,0,0,0,0,0
Alice in Wonderland,NA,Alice in Wonderland,1951,G,75,English,Clyde Geronimi,Kathryn Beaumont,Ed Wynn,0.74,0.81,0.68,0,1,1,0,0,0,0,0,1,0,0,0,0,0,0,0,0,0,0
E.T. the Extra-Terrestrial,NA,NA,1982,PG,115,English,Steven Spielberg,Dee Wallace,Henry Thomas,0.78,0.98,0.91,0,0,0,0,0,0,0,0,1,0,0,0,0,0,0,1,0,0,0
Rush Hour 2,Rush Hour,NA,2001,PG-13,90,English,Brett Ratner,Jackie Chan,Chris Tucker,0.66,0.51,0.48,1,0,0,0,1,1,0,0,0,0,0,0,0,0,0,0,0,0,0
Tenet,NA,NA,2020,PG-13,150,English,Christopher Nolan,John David Washington,Robert Pattinson,0.75,0.7,0.69,1,0,0,0,0,0,0,0,0,0,0,0,0,0,0,1,0,1,0
Parasite,NA,NA,2019,R,132,Korean,Bong Joon Ho,Song Kang Ho,Lee Sun Kyun,0.86,0.98,0.96,0,0,0,0,1,0,0,1,0,0,0,0,0,0,0,0,0,1,0
Okja,NA,NA,2017,R,120,English,Bong Joon Ho,Tilda Swinton,Paul Dano,0.73,0.86,0.75,0,1,0,0,1,0,0,1,0,0,0,0,0,0,0,0,0,0,0
Snowpiercer,NA,NA,2013,R,126,English,Bong Joon Ho,Chris Evans,Song Kang Ho,0.71,0.94,0.84,1,0,0,0,0,0,0,1,0,0,0,0,0,0,0,1,0,0,0
The Drug King,NA,NA,2018,NA,139,Korean,Woo Min Ho,Song Kang Ho,Jo Jung Suk,0.62,0.8,NA,1,0,0,0,0,1,0,1,0,0,0,0,0,0,0,0,0,0,0
Rudy,NA,NA,1993,PG,114,English,David Anspaugh,Sean Astin,Jon Favreau,0.75,0.78,0.71,0,0,0,1,0,0,0,1,0,0,0,0,0,0,0,0,1,0,0
Bee Movie,NA,NA,2007,PG,91,English,Simon J. Smith,Jerry Seinfeld,Renee Zellweger,0.61,0.5,0.54,0,1,1,0,1,0,0,0,0,0,0,0,0,0,0,0,0,0,0
Meru,NA,NA,2015,R,90,English,Jimmy Chin,Conrad Anker,Jimmy Chin,0.77,0.89,0.77,0,0,0,0,0,0,1,0,0,0,0,0,0,0,0,0,1,0,0
Shutter Island,NA,NA,2010,R,138,English,Martin Scorsese,Leonardo DiCaprio,Mark Ruffalo,0.82,0.68,0.63,0,0,0,0,0,0,0,0,0,0,0,0,0,1,0,0,0,1,0
Shoplifters,NA,NA,2018,R,121,Japanese,Hirokazu Koreeda,Lily Franky,Sakura Ando,0.79,0.99,0.93,0,0,0,0,0,1,0,1,0,0,0,0,0,0,0,0,0,0,0
Nomadland,NA,NA,2020,R,108,English,Chloe Zhao,Frances McDormand,David Strathairn,0.76,0.95,0.95,0,0,0,0,0,0,0,1,0,0,0,0,0,0,0,0,0,0,0
In the Soup,NA,NA,1992,R,93,English,Alexandre Rockwell,Steve Buscemi,Seymour Cassel,0.72,0.92,NA,0,0,0,0,1,0,0,1,0,0,0,0,0,0,0,0,0,0,0
Flight,NA,NA,2012,R,138,English,Robert Zemeckis,Denzel Washington,Don Cheadle,0.73,0.77,0.76,0,0,0,0,0,0,0,1,0,0,0,0,0,0,0,0,0,1,0
Apollo 13,NA,NA,1995,PG,140,English,Ron Howard,Tom Hanks,Bill Paxton,0.76,0.96,0.77,0,1,0,0,0,0,0,1,0,1,0,0,0,0,0,0,0,0,0
The Shape of Water,NA,NA,2017,R,123,English,Guillermo del Toro,Sally Hawkins,Michael Shannon,0.73,0.92,0.87,0,0,0,0,0,0,0,1,1,0,0,0,0,0,1,0,0,0,0
Mr. Nobody,NA,NA,2009,R,141,English,Jaco Van Dormael,Jared Leto,Sarah Polley,0.78,0.68,0.63,0,0,0,0,0,0,0,1,0,0,0,0,0,0,1,1,0,0,0
The Emperor's New Groove,The Emperor's New Groove,NA,2000,G,78,English,Mark Dindal,David Spade,John Goodman,0.74,0.85,0.7,0,1,1,0,1,0,0,0,0,0,0,0,0,0,0,0,0,0,0
Beanpole,NA,NA,2019,NA,130,Russian,Kantemir Balagov,Viktoria Miroshnichenko,Vasilisa Perelygina,0.71,0.92,0.84,0,0,0,0,0,0,0,1,0,0,0,0,0,0,0,0,0,0,0
Moonwalkers,NA,NA,2015,R,96,English,Antoine Bardou-Jacquet,Ron Perlman,Rupert Grint,0.61,0.42,NA,1,0,0,0,1,0,0,0,0,0,0,0,0,0,0,0,0,0,0
Road to El Dorado,NA,NA,2000,PG,89,English,Bibo Bergeron,Kevin Kline,Kenneth Branagh,0.69,0.48,0.51,0,1,1,0,1,0,0,0,0,0,0,0,0,0,0,0,0,0,0
Gone Girl,NA,NA,2014,R,149,English,David Fincher,Ben Affleck,Rosamund Pike,0.81,0.87,0.79,0,0,0,0,0,0,0,1,0,0,0,0,0,1,0,0,0,1,0
The Italian Job,NA,The Italian Job,1969,G,99,English,Peter Collinson,Michael Caine,Noel Coward,0.73,0.83,0.7,1,0,0,0,1,1,0,0,0,0,0,0,0,0,0,0,0,0,0
The Diamond Arm,NA,NA,1969,PG-13,100,Russian,Leonid Gaidai,Yuriy Nikulin,Andrey Mironov,0.85,0.87,NA,0,1,0,0,1,1,0,0,0,0,0,0,0,0,0,0,0,0,0
Scarface,NA,Scarface,1983,R,170,English,Brian De Palma,Al Pacino,Steven Bauer,0.83,0.82,0.65,0,0,0,0,0,1,0,1,0,0,0,0,0,0,0,0,0,0,0
Another Round,NA,NA,2020,NA,117,Danish,Thomas Vinterberg,Mads Mikkelsen,Thomas Bo Larsen,0.78,0.92,0.81,0,0,0,0,1,0,0,1,0,0,0,0,0,0,0,0,0,0,0
2001: A Space Odyssey,2001: A Space Odyssey,NA,1968,G,149,English,Stanley Kubrick,Keir Dullea,Gary Lockwood,0.83,0.92,0.84,0,1,0,0,0,0,0,0,0,0,0,0,0,0,0,1,0,0,0
Ferdinand,NA,NA,2017,PG,108,English,Carlos Saldanha,John Cena,Kate McKinnon,0.67,0.72,0.58,0,1,1,0,1,0,0,0,0,0,0,0,0,0,0,0,0,0,0
Dick Johnson Is Dead,NA,NA,2020,PG-13,89,English,Kirsten Johnson,Dick Johnson,Kirsten Johnson,0.75,1,0.89,0,0,0,0,0,0,1,1,0,0,0,0,0,0,0,0,0,0,0
I Care a Lot,NA,NA,2020,R,118,English,J Blakeson,Rosamund Pike,Peter Dinklage,0.62,0.81,0.66,0,0,0,0,1,1,0,0,0,0,0,0,0,0,0,0,0,1,0
Missing Link,NA,NA,2019,PG,93,English,Chris Butler,Zach Galifianakis,Hugh Jackman,0.67,0.88,0.68,0,1,1,0,1,0,0,0,0,0,0,0,0,0,0,0,0,0,0
Diamonds Are Forever,James Bond,NA,1971,PG,120,English,Guy Hamilton,Sean Connery,Jill St. John,0.66,0.63,0.59,1,1,0,0,0,0,0,0,0,0,0,0,0,0,0,0,0,1,0
He Got Game,NA,NA,1998,R,136,English,Spike Lee,Denzel Washington,Ray Allen,0.69,0.81,0.64,0,0,0,0,0,0,0,1,0,0,0,0,0,0,0,0,1,0,0
Abominable,NA,NA,2019,PG,97,English,Jill Culton,Chloe Bennet,Tenzing Norgay Trainor,0.7,0.81,0.61,0,1,1,0,1,0,0,0,0,0,0,0,0,0,0,0,0,0,0
The Hundred-Foot Journey,NA,NA,2014,PG,122,English,Lasse Hallstrom,Helen Mirren,Om Puri,0.73,0.68,0.55,0,0,0,0,1,0,0,1,0,0,0,0,0,0,0,0,0,0,0
Interstellar,NA,NA,2014,PG-13,169,English,Christopher Nolan,Matthew McConaughey,Anne Hathaway,0.86,0.72,0.74,0,1,0,0,0,0,0,1,0,0,0,0,0,0,0,1,0,0,0
Field of Dreams,NA,NA,1989,PG,107,English,Phil Alden Robinson,Kevin Costner,Amy Madigan,0.75,0.87,0.57,0,0,0,0,0,0,0,1,1,0,0,0,0,0,0,0,0,0,0
Lolita,NA,Lolita,1962,NA,153,English,Stanley Kubrick,James Mason,Shelley Winters,0.76,0.91,0.79,0,0,0,0,0,1,0,1,0,0,0,0,0,0,1,0,0,0,0
Men in Black: International,Men in Black,NA,2019,PG-13,114,English,F. Gary Gray,Chris Hemsworth,Tessa Thompson,0.56,0.23,0.38,1,1,0,0,1,0,0,0,0,0,0,0,0,0,0,0,0,0,0
The United States vs. Billie Holiday,NA,NA,2021,R,130,English,Lee Daniels,Andra Day,Trevante Rhodes,0.64,0.55,0.53,0,0,0,1,0,0,0,1,0,0,0,1,0,0,0,0,0,0,0
Ma Rainey's Black Bottom,NA,NA,2020,R,94,English,George C. Wolfe,Viola Davis,Chadwick Boseman,0.71,0.98,0.87,0,0,0,0,0,0,0,1,0,0,0,1,0,0,0,0,0,0,0
Da 5 Bloods,NA,NA,2020,R,154,English,Spike Lee,Delroy Lindo,Jonathan Majors,0.65,0.92,0.82,0,1,0,0,0,0,0,1,0,0,0,0,0,0,0,0,0,0,0
One Night in Miami,NA,NA,2020,R,114,English,Regina King,Kingsley Ben-Adir,Eli Goree,0.72,0.98,0.83,0,0,0,0,0,0,0,1,0,0,0,0,0,0,0,0,0,0,0
Judas and the Black Messiah,NA,NA,2021,R,126,English,Shaka King,Daniel Kaluuya,LaKeith Stanfield,0.77,0.96,0.86,0,0,0,1,0,0,0,1,0,1,0,0,0,0,0,0,0,0,0
Airplane!,Airplane!,NA,1980,PG,88,English,Jim Abrahams,Robert Hays,Julie Hagerty,0.77,0.97,0.78,0,0,0,0,1,0,0,0,0,0,0,0,0,0,0,0,0,0,0
Sorry to Bother You,NA,NA,2018,R,112,English,Boots Reily,LaKeith Stanfield,Tessa Thompson,0.69,0.93,0.8,0,0,0,0,1,0,0,0,1,0,0,0,0,0,0,1,0,0,0
The Thomas Crown Affair,NA,The Thomas Crown Affair,1968,NA,102,English,Norman Jewison,Steve McQueen,Faye Dunaway,0.7,0.77,0.66,0,0,0,0,0,1,0,1,0,0,0,0,0,0,1,0,0,0,0
Airplane II: The Sequel,Airplane!,NA,1982,PG,85,English,Ken Finkleman,Robert Hays,Julie Hagerty,0.62,0.42,0.48,0,0,0,0,1,0,0,0,0,0,0,0,0,0,0,1,0,0,0
Miss Sloane,NA,NA,2016,R,132,English,John Madden,Jessica Chastain,Mark Strong,0.75,0.77,0.64,0,0,0,0,0,0,0,1,0,0,0,0,0,0,0,0,0,1,0
Kick-Ass 2,Kick-Ass,NA,2013,R,103,English,Jeff Wadlow,Aaron Taylor-Johnson,Christopher Mintz-Plasse,0.65,0.32,0.41,1,0,0,0,1,1,0,0,0,0,0,0,0,0,0,0,0,0,0
Songs My Brothers Taught Me,NA,NA,2015,NA,98,English,Chloe Zhao,John Reddy,Jashaun St. John,0.69,0.91,0.63,0,0,0,0,0,0,0,1,0,0,0,0,0,0,0,0,0,0,0
Killing Them Softly,NA,NA,2012,R,97,English,Andrew Dominik,Brad Pitt,Scoot McNairy,0.62,0.71,0.64,0,0,0,0,0,1,0,1,0,0,0,0,0,0,0,0,0,1,0
Training Day,NA,NA,2001,R,122,English,Antoine Fuqua,Denzel Washington,Ethan Hawke,0.77,0.73,0.69,0,0,0,0,0,1,0,1,0,0,0,0,0,0,0,0,0,1,0
"Good Morning, Vietnam",NA,NA,1987,R,121,English,Barry Levinson,Robin Williams,Forest Whitaker,0.73,0.9,0.67,0,0,0,1,1,0,0,1,0,0,0,0,0,0,0,0,0,0,0
Bronson,NA,NA,2008,R,92,English,Nicolas Winding Refn,Tom Hardy,Kelly Adams,0.71,0.76,0.71,1,0,0,1,0,1,0,0,0,0,0,0,0,0,0,0,0,0,0
A Private War,NA,NA,2018,R,110,English,Matthew Heineman,Rosamund Pike,Jamie Dornan,0.67,0.88,0.75,0,0,0,1,0,0,0,1,0,0,0,0,0,0,0,0,0,0,0
Beirut,NA,NA,2018,R,109,English,Brad Anderson,Jon Hamm,Rosamund Pike,0.64,0.82,0.69,1,0,0,0,0,1,0,1,0,0,0,0,0,0,0,0,0,0,0
The Bank Job,NA,NA,2008,R,111,English,Roger Donaldson,Jason Statham,Saffron Burrows,0.72,0.8,0.69,0,0,0,0,0,1,0,1,0,0,0,0,0,0,0,0,0,1,0
The Terminator,Terminator,NA,1984,R,107,English,James Cameron,Arnold Schwarzenegger,Michael Biehn,0.8,1,0.84,1,0,0,0,0,0,0,0,0,0,0,0,0,0,0,1,0,0,0
Get Smart,NA,NA,2008,PG-13,110,English,Peter Segal,Steve Carell,Anne Hathaway,0.65,0.51,0.54,1,1,0,0,1,0,0,0,0,0,0,0,0,0,0,0,0,0,0
Trumbo,NA,NA,2015,R,124,English,Jay Roach,Bryan Cranston,Helen Mirren,0.75,0.74,0.6,0,0,0,1,0,1,0,1,0,0,0,0,0,0,0,0,0,0,0
Trouble with the Curve,NA,NA,2012,PG-13,111,English,Robert Lorenz,Clint Eastwood,Amy Adams,0.68,0.51,0.58,0,0,0,0,0,0,0,1,0,0,0,0,0,0,0,0,1,0,0
Anchorman 2: The Legend Continues,Anchorman,NA,2013,PG-13,119,English,Adam McKay,Will Ferrell,Steve Carell,0.63,0.75,0.61,0,0,0,0,1,0,0,0,0,0,0,0,0,0,0,0,0,0,0
The White Tiger,NA,NA,2021,R,125,English,Ramin Bahrani,Adarsh Gourav,Rajkummar Rao,0.72,0.92,0.76,0,0,0,0,0,1,0,1,0,0,0,0,0,0,0,0,0,0,0
The Italian Job,NA,The Italian Job,2003,PG-13,111,English,F. Gary Gray,Mark Wahlberg,Charlize Theron,0.7,0.73,0.68,1,0,0,0,0,1,0,0,0,0,0,0,0,0,0,0,0,1,0
Players,NA,The Italian Job,2012,NA,163,Hindi,Abbas Mustan,Vinod Khanna,Abhishek Bachchan,0.41,0.43,NA,1,0,0,0,0,1,0,0,0,0,0,0,0,0,0,0,0,1,0
Midnight Cowboy,NA,NA,1969,R,113,English,John Schlesinger,Dustin Hoffman,Jon Voight,0.78,0.88,0.79,0,0,0,0,0,0,0,1,0,0,0,0,0,0,0,0,0,0,0
Breathless,NA,NA,1960,NA,90,French,Jean-Luc Godard,Jean-Paul Belmondo,Jean Seberg,0.78,0.97,NA,0,0,0,0,0,1,0,1,0,0,0,0,0,0,0,0,0,0,0
Roman Holiday,NA,NA,1953,NA,118,English,William Wyler,Gregory Peck,Audrey Hepburn,0.8,0.97,0.78,0,0,0,0,1,0,0,0,0,0,0,0,0,0,1,0,0,0,0
Good Time,NA,NA,2017,R,102,English,Safdie Brothers,Robert Pattinson,Benny Safdie,0.74,0.92,0.8,0,0,0,0,0,1,0,1,0,0,0,0,0,0,0,0,0,1,0
Heaven Knows What,NA,NA,2014,R,97,English,Safdie Brothers,Arielle Holmes,Caleb Landry Jones,0.68,0.87,0.75,0,0,0,0,0,1,0,1,0,0,0,0,0,0,0,0,0,0,0
Casino Royale,James Bond,NA,2006,PG-13,144,English,Martin Campbell,Daniel Craig,Eva Green,0.8,0.94,0.8,1,1,0,0,0,0,0,0,0,0,0,0,0,0,0,0,0,1,0
Operation Varsity Blues: The College Admissions Scandal,NA,NA,2021,R,99,English,Chris Smith,Matthew Modine,Roger Rignack,0.71,0.86,0.71,0,0,0,0,0,1,1,1,0,0,0,0,0,0,0,0,0,0,0
Austin Powers: International Man of Mystery,Austin Powers,NA,1997,PG-13,89,English,Jay Roach,Mike Myers,Elizabeth Hurley,0.7,0.71,0.51,0,1,0,0,1,0,0,0,0,0,0,0,0,0,0,0,0,0,0
Sicario,Sicario,NA,2015,R,121,English,Denis Villeneuve,Emily Blunt,Benicio Del Toro,0.76,0.92,0.82,1,0,0,0,0,1,0,1,0,0,0,0,0,0,0,0,0,0,0
Sicario: Day of the Soldado,Sicario,NA,2018,R,122,English,Stefano Sollima,Benicio Del Toro,Josh Brolin,0.71,0.63,0.61,1,0,0,0,0,1,0,1,0,0,0,0,0,0,0,0,0,0,0
Shaft,Shaft,NA,1971,R,100,English,Gordon Parks,Richard Roundtree,Moses Gunn,0.66,0.88,0.66,1,0,0,0,0,1,0,0,0,0,0,0,0,0,0,0,0,1,0
Mississippi Burning,NA,NA,1988,R,128,English,Alan Parker,Gene Hackman,Willem Dafoe,0.78,0.84,0.65,0,0,0,0,0,1,0,1,0,1,0,0,0,0,0,0,0,0,0
Hot Rod,NA,NA,2007,PG-13,88,English,Akiva Schaffer,Andy Samberg,Jorma Taccone,0.67,0.39,0.43,0,0,0,0,1,0,0,0,0,0,0,0,0,0,0,0,0,0,0
The Other Guys,NA,NA,2010,PG-13,107,English,Adam McKay,Will Ferrell,Mark Wahlberg,0.67,0.78,0.64,1,0,0,0,1,1,0,0,0,0,0,0,0,0,0,0,0,0,0
Office Space,NA,NA,1999,R,89,English,Mike Judge,Ron Livingston,Jennifer Aniston,0.77,0.8,0.68,0,0,0,0,1,0,0,0,0,0,0,0,0,0,0,0,0,0,0
Vertigo,NA,NA,1958,PG,128,English,Alfred Hitchcock,James Stewart,Kim Novak,0.83,0.94,1,0,0,0,0,0,0,0,0,0,0,0,0,0,1,1,0,0,1,0
Cape Fear,NA,Cape Fear,1991,R,128,English,Martin Scorsese,Robert De Niro,Nick Nolte,0.73,0.75,0.73,0,0,0,0,0,1,0,0,0,0,0,0,0,0,0,0,0,1,0
Cape Fear,NA,Cape Fear,1962,NA,106,English,J. Lee Thompson,Gregory Peck,Robert Mitchum,0.77,0.96,0.76,0,0,0,0,0,0,0,1,0,0,0,0,0,0,0,0,0,1,0
The Boondock Saints,The Boondock Saints,NA,1999,R,108,English,Troy Duffy,Willem Dafoe,Sean Patrick Flanery,0.78,0.28,0.44,1,0,0,0,0,1,0,0,0,0,0,0,0,0,0,0,0,1,0
Blue Ruin,NA,NA,2013,R,90,English,Jeremy Saulnier,Macon Blair,Devin Ratray,0.71,0.96,0.78,0,0,0,0,0,1,0,1,0,0,0,0,0,0,0,0,0,1,0
Mr. Brooks,NA,NA,2007,R,120,English,Bruce A. Evans,Kevin Costner,Demi Moore,0.73,0.55,0.45,0,0,0,0,0,1,0,1,0,0,0,0,0,0,0,0,0,1,0
My Cousin Vinny,NA,NA,1992,R,120,English,Jonathan Lynn,Joe Pesci,Ralph Macchio,0.76,0.86,0.68,0,0,0,0,1,1,0,0,0,0,0,0,0,0,0,0,0,0,0
Dog Day Afternoon,NA,NA,1975,R,125,English,Sidney Lumet,Al Pacino,John Cazale,0.8,0.96,0.86,0,0,0,1,0,1,0,1,0,0,0,0,0,0,0,0,0,0,0
Legally Blonde,Legally Blonde,NA,2001,PG-13,96,English,Robert Luketic,Reese Witherspoon,Luke Wilson,0.63,0.7,0.59,0,0,0,0,1,0,0,0,0,0,0,0,0,0,1,0,0,0,0
Death Proof,NA,NA,2007,R,127,English,Quentin Tarantino,Kurt Russell,Zoe Bell,0.7,0.65,NA,1,0,0,0,0,0,0,0,0,0,0,0,0,0,0,0,0,1,0
Cool Hand Luke,NA,NA,1967,PG,127,English,Stuart Rosenberg,Paul Newman,George Kennedy,0.81,1,0.92,0,0,0,0,0,1,0,1,0,0,0,0,0,0,0,0,0,0,0
"Hail, Caesar!",NA,NA,2016,PG-13,106,English,The Coen Brothers,Josh Brolin,George Clooney,0.63,0.85,0.72,0,0,0,0,1,0,0,1,0,0,0,0,0,0,0,0,0,0,0
Crocodile Dundee,Crocodile Dundee,NA,1986,PG-13,97,English,Peter Faiman,Paul Hogan,Linda Kozlowski,0.66,0.88,0.62,0,1,0,0,1,0,0,0,0,0,0,0,0,0,0,0,0,0,0
Napoleon Dynamite,NA,NA,2004,PG,96,English,Jared Hess,Jon Heder,Jon Gries,0.69,0.72,0.64,0,0,0,0,1,0,0,0,0,0,0,0,0,0,0,0,0,0,0
The Trip,The Trip,NA,2010,NA,112,English,Michael Winterbottom,Steve Coogan,Rob Brydon,0.7,0.89,NA,0,0,0,0,1,0,0,1,0,0,0,0,0,0,0,0,0,0,0
Chappaquiddick,NA,NA,2017,PG-13,106,English,John Curran,Jason Clarke,Kate Mara,0.64,0.81,0.67,0,0,0,1,0,0,0,1,0,1,0,0,0,0,0,0,0,0,0
Bonnie and Clyde,NA,NA,1967,R,111,English,Arthur Penn,Warren Beatty,Faye Dunaway,0.78,0.88,0.86,1,0,0,1,0,1,0,0,0,0,0,0,0,0,0,0,0,0,0
Spirited Away,NA,NA,2001,PG,125,Japanese,Hayao Miyazaki,Rumi Hiiragi,Miyu Irino,0.86,0.97,0.96,0,1,1,0,0,0,0,0,1,0,0,0,0,0,0,0,0,0,0
Saving Private Ryan,NA,NA,1998,R,169,English,Steven Spielberg,Tom Hanks,Tom Sizemore,0.86,0.93,0.91,0,0,0,0,0,0,0,1,0,0,0,0,0,0,0,0,0,0,0
